utterance,standard_bangla,intent,app,accent_region
বিকাশ এ টেহা পাঠাইতাম খিলান,বিকাশ এ টাকা পাঠাবো কিভাবে,send_money,bkash,Sylhet
নগদ এ টেহা পাঠাইতাম খিলান,নগদ এ টাকা পাঠাবো কিভাবে,send_money,nagad,Sylhet
রকেট এ টেহা পাঠাইতাম খিলান,রকেট এ টাকা পাঠাবো কিভাবে,send_money,rocket,Sylhet
পঁইশা ফাটাইতাম কেমনে বিকাশ এ,বিকাশ এ টাকা পাঠাবো কিভাবে,send_money,bkash,Sylhet
পঁইশা ফাটাইতাম কেমনে নগদ এ,নগদ এ টাকা পাঠাবো কিভাবে,send_money,nagad,Sylhet
পঁইশা ফাটাইতাম কেমনে রকেট এ,রকেট এ টাকা পাঠাবো কিভাবে,send_money,rocket,Sylhet
টেক্সা পাঠামু বিকাশ দিয়া,বিকাশ এ টাকা পাঠাবো কিভাবে,send_money,bkash,Sylhet
টেক্সা পাঠামু নগদ দিয়া,নগদ এ টাকা পাঠাবো কিভাবে,send_money,nagad,Sylhet
টেক্সা পাঠামু রকেট দিয়া,রকেট এ টাকা পাঠাবো কিভাবে,send_money,rocket,Sylhet
বিকাশ ও টিয়া ফাড়াইয়ুম কেনে,বিকাশ এ টাকা পাঠাবো কিভাবে,send_money,bkash,Chittagong
নগদ ও টিয়া ফাড়াইয়ুম কেনে,নগদ এ টাকা পাঠাবো কিভাবে,send_money,nagad,Chittagong
রকেট ও টিয়া ফাড়াইয়ুম কেনে,রকেট এ টাকা পাঠাবো কিভাবে,send_money,rocket,Chittagong
পঁইশা হাড়ামু প্রসেস বিকাশ,বিকাশ এ টাকা পাঠাবো কিভাবে,send_money,bkash,Chittagong
পঁইশা হাড়ামু প্রসেস নগদ,নগদ এ টাকা পাঠাবো কিভাবে,send_money,nagad,Chittagong
পঁইশা হাড়ামু প্রসেস রকেট,রকেট এ টাকা পাঠাবো কিভাবে,send_money,rocket,Chittagong
টিয়া ফাড়াইবার তরিকা বিকাশ,বিকাশ এ টাকা পাঠাবো কিভাবে,send_money,bkash,Chittagong
টিয়া ফাড়াইবার তরিকা নগদ,নগদ এ টাকা পাঠাবো কিভাবে,send_money,nagad,Chittagong
টিয়া ফাড়াইবার তরিকা রকেট,রকেট এ টাকা পাঠাবো কিভাবে,send_money,rocket,Chittagong
বিকাশ এ টেয়া হাড়ামু ক্যানভে,বিকাশ এ টাকা পাঠাবো কিভাবে,send_money,bkash,Noakhali
নগদ এ টেয়া হাড়ামু ক্যানভে,নগদ এ টাকা পাঠাবো কিভাবে,send_money,nagad,Noakhali
রকেট এ টেয়া হাড়ামু ক্যানভে,রকেট এ টাকা পাঠাবো কিভাবে,send_money,rocket,Noakhali
টেয়া হাড়াইতাম বিকাশ দিয়া,বিকাশ এ টাকা পাঠাবো কিভাবে,send_money,bkash,Noakhali
টেয়া হাড়াইতাম নগদ দিয়া,নগদ এ টাকা পাঠাবো কিভাবে,send_money,nagad,Noakhali
টেয়া হাড়াইতাম রকেট দিয়া,রকেট এ টাকা পাঠাবো কিভাবে,send_money,rocket,Noakhali
আয়েনরে বিকাশ এ টেয়া দিমু কেমনে,বিকাশ এ টাকা পাঠাবো কিভাবে,send_money,bkash,Noakhali
আয়েনরে নগদ এ টেয়া দিমু কেমনে,নগদ এ টাকা পাঠাবো কিভাবে,send_money,nagad,Noakhali
আয়েনরে রকেট এ টেয়া দিমু কেমনে,রকেট এ টাকা পাঠাবো কিভাবে,send_money,rocket,Noakhali
বিকাশ এ টেহা ফাটাও কেমনে,বিকাশ এ টাকা পাঠাবো কিভাবে,send_money,bkash,Barishal
নগদ এ টেহা ফাটাও কেমনে,নগদ এ টাকা পাঠাবো কিভাবে,send_money,nagad,Barishal
রকেট এ টেহা ফাটাও কেমনে,রকেট এ টাকা পাঠাবো কিভাবে,send_money,rocket,Barishal
বিকাশ দিয়া পঁইশা পাঠামু মোই,বিকাশ এ টাকা পাঠাবো কিভাবে,send_money,bkash,Barishal
নগদ দিয়া পঁইশা পাঠামু মোই,নগদ এ টাকা পাঠাবো কিভাবে,send_money,nagad,Barishal
রকেট দিয়া পঁইশা পাঠামু মোই,রকেট এ টাকা পাঠাবো কিভাবে,send_money,rocket,Barishal
টেহা পাঠামু বিকাশ থাইক্যা,বিকাশ এ টাকা পাঠাবো কিভাবে,send_money,bkash,Barishal
টেহা পাঠামু নগদ থাইক্যা,নগদ এ টাকা পাঠাবো কিভাবে,send_money,nagad,Barishal
টেহা পাঠামু রকেট থাইক্যা,রকেট এ টাকা পাঠাবো কিভাবে,send_money,rocket,Barishal
বিকাশ এ টেহা পাঠামু কেমনে,বিকাশ এ টাকা পাঠাবো কিভাবে,send_money,bkash,Mymensingh
নগদ এ টেহা পাঠামু কেমনে,নগদ এ টাকা পাঠাবো কিভাবে,send_money,nagad,Mymensingh
রকেট এ টেহা পাঠামু কেমনে,রকেট এ টাকা পাঠাবো কিভাবে,send_money,rocket,Mymensingh
টেহা পাঠাইবার নিয়মডা দেহাও বিকাশ,বিকাশ এ টাকা পাঠাবো কিভাবে,send_money,bkash,Mymensingh
টেহা পাঠাইবার নিয়মডা দেহাও নগদ,নগদ এ টাকা পাঠাবো কিভাবে,send_money,nagad,Mymensingh
টেহা পাঠাইবার নিয়মডা দেহাও রকেট,রকেট এ টাকা পাঠাবো কিভাবে,send_money,rocket,Mymensingh
বিকাশ দিয়া টেহা ফাটাইতাম,বিকাশ এ টাকা পাঠাবো কিভাবে,send_money,bkash,Mymensingh
নগদ দিয়া টেহা ফাটাইতাম,নগদ এ টাকা পাঠাবো কিভাবে,send_money,nagad,Mymensingh
রকেট দিয়া টেহা ফাটাইতাম,রকেট এ টাকা পাঠাবো কিভাবে,send_money,rocket,Mymensingh
বিকাশ এ টাকা পাঠাবো কিভাবে,বিকাশ এ টাকা পাঠাবো কিভাবে,send_money,bkash,Standard
নগদ এ টাকা পাঠাবো কিভাবে,নগদ এ টাকা পাঠাবো কিভাবে,send_money,nagad,Standard
রকেট এ টাকা পাঠাবো কিভাবে,রকেট এ টাকা পাঠাবো কিভাবে,send_money,rocket,Standard
বিকাশ দিয়ে টাকা পাঠানোর নিয়ম,বিকাশ এ টাকা পাঠাবো কিভাবে,send_money,bkash,Standard
নগদ দিয়ে টাকা পাঠানোর নিয়ম,নগদ এ টাকা পাঠাবো কিভাবে,send_money,nagad,Standard
রকেট দিয়ে টাকা পাঠানোর নিয়ম,রকেট এ টাকা পাঠাবো কিভাবে,send_money,rocket,Standard
টাকা পাঠাতে চাই বিকাশ এ,বিকাশ এ টাকা পাঠাবো কিভাবে,send_money,bkash,Standard
টাকা পাঠাতে চাই নগদ এ,নগদ এ টাকা পাঠাবো কিভাবে,send_money,nagad,Standard
টাকা পাঠাতে চাই রকেট এ,রকেট এ টাকা পাঠাবো কিভাবে,send_money,rocket,Standard
বিকাশ থাইক্কা টেহা তোলতাম খিলান,বিকাশ এ ক্যাশ আউট করবো কিভাবে,cash_out,bkash,Sylhet
নগদ থাইক্কা টেহা তোলতাম খিলান,নগদ এ ক্যাশ আউট করবো কিভাবে,cash_out,nagad,Sylhet
রকেট থাইক্কা টেহা তোলতাম খিলান,রকেট এ ক্যাশ আউট করবো কিভাবে,cash_out,rocket,Sylhet
বিকাশ ক্যাশ আউট মারমু,বিকাশ এ ক্যাশ আউট করবো কিভাবে,cash_out,bkash,Sylhet
নগদ ক্যাশ আউট মারমু,নগদ এ ক্যাশ আউট করবো কিভাবে,cash_out,nagad,Sylhet
রকেট ক্যাশ আউট মারমু,রকেট এ ক্যাশ আউট করবো কিভাবে,cash_out,rocket,Sylhet
এজেন্ট থাইক্কা টেহা তোলন বিকাশ,বিকাশ এ ক্যাশ আউট করবো কিভাবে,cash_out,bkash,Sylhet
এজেন্ট থাইক্কা টেহা তোলন নগদ,নগদ এ ক্যাশ আউট করবো কিভাবে,cash_out,nagad,Sylhet
এজেন্ট থাইক্কা টেহা তোলন রকেট,রকেট এ ক্যাশ আউট করবো কিভাবে,cash_out,rocket,Sylhet
বিকাশ অত্তুন টিয়া বার গইত্তাম,বিকাশ এ ক্যাশ আউট করবো কিভাবে,cash_out,bkash,Chittagong
নগদ অত্তুন টিয়া বার গইত্তাম,নগদ এ ক্যাশ আউট করবো কিভাবে,cash_out,nagad,Chittagong
রকেট অত্তুন টিয়া বার গইত্তাম,রকেট এ ক্যাশ আউট করবো কিভাবে,cash_out,rocket,Chittagong
বিকাশ ক্যাশ আউট গইত্তাম কেনে,বিকাশ এ ক্যাশ আউট করবো কিভাবে,cash_out,bkash,Chittagong
নগদ ক্যাশ আউট গইত্তাম কেনে,নগদ এ ক্যাশ আউট করবো কিভাবে,cash_out,nagad,Chittagong
রকেট ক্যাশ আউট গইত্তাম কেনে,রকেট এ ক্যাশ আউট করবো কিভাবে,cash_out,rocket,Chittagong
এজেন্ট দোকানত্তুন টেয়া তোলন,বিকাশ এ ক্যাশ আউট করবো কিভাবে,cash_out,bkash,Chittagong
এজেন্ট দোকানত্তুন টেয়া তোলন,নগদ এ ক্যাশ আউট করবো কিভাবে,cash_out,nagad,Chittagong
এজেন্ট দোকানত্তুন টেয়া তোলন,রকেট এ ক্যাশ আউট করবো কিভাবে,cash_out,rocket,Chittagong
বিকাশ থাইক্কা টেয়া তোলমু ক্যানভে,বিকাশ এ ক্যাশ আউট করবো কিভাবে,cash_out,bkash,Noakhali
নগদ থাইক্কা টেয়া তোলমু ক্যানভে,নগদ এ ক্যাশ আউট করবো কিভাবে,cash_out,nagad,Noakhali
রকেট থাইক্কা টেয়া তোলমু ক্যানভে,রকেট এ ক্যাশ আউট করবো কিভাবে,cash_out,rocket,Noakhali
বিকাশ ক্যাশ আউট করনের উপায়,বিকাশ এ ক্যাশ আউট করবো কিভাবে,cash_out,bkash,Noakhali
নগদ ক্যাশ আউট করনের উপায়,নগদ এ ক্যাশ আউট করবো কিভাবে,cash_out,nagad,Noakhali
রকেট ক্যাশ আউট করনের উপায়,রকেট এ ক্যাশ আউট করবো কিভাবে,cash_out,rocket,Noakhali
এজেন্ট থাইক্কা টেয়া বার করন,বিকাশ এ ক্যাশ আউট করবো কিভাবে,cash_out,bkash,Noakhali
এজেন্ট থাইক্কা টেয়া বার করন,নগদ এ ক্যাশ আউট করবো কিভাবে,cash_out,nagad,Noakhali
এজেন্ট থাইক্কা টেয়া বার করন,রকেট এ ক্যাশ আউট করবো কিভাবে,cash_out,rocket,Noakhali
বিকাশ থাইক্যা টেহা তোলমু ক্যায়া,বিকাশ এ ক্যাশ আউট করবো কিভাবে,cash_out,bkash,Barishal
নগদ থাইক্যা টেহা তোলমু ক্যায়া,নগদ এ ক্যাশ আউট করবো কিভাবে,cash_out,nagad,Barishal
রকেট থাইক্যা টেহা তোলমু ক্যায়া,রকেট এ ক্যাশ আউট করবো কিভাবে,cash_out,rocket,Barishal
বিকাশ এ ক্যাশ আউট করুম কেমনে,বিকাশ এ ক্যাশ আউট করবো কিভাবে,cash_out,bkash,Barishal
নগদ এ ক্যাশ আউট করুম কেমনে,নগদ এ ক্যাশ আউট করবো কিভাবে,cash_out,nagad,Barishal
রকেট এ ক্যাশ আউট করুম কেমনে,রকেট এ ক্যাশ আউট করবো কিভাবে,cash_out,rocket,Barishal
এজেন্ট দোকান দিয়ে টেহা তোলমু,বিকাশ এ ক্যাশ আউট করবো কিভাবে,cash_out,bkash,Barishal
এজেন্ট দোকান দিয়ে টেহা তোলমু,নগদ এ ক্যাশ আউট করবো কিভাবে,cash_out,nagad,Barishal
এজেন্ট দোকান দিয়ে টেহা তোলমু,রকেট এ ক্যাশ আউট করবো কিভাবে,cash_out,rocket,Barishal
বিকাশ থাইক্কা টেহা তোলন লাগব,বিকাশ এ ক্যাশ আউট করবো কিভাবে,cash_out,bkash,Mymensingh
নগদ থাইক্কা টেহা তোলন লাগব,নগদ এ ক্যাশ আউট করবো কিভাবে,cash_out,nagad,Mymensingh
রকেট থাইক্কা টেহা তোলন লাগব,রকেট এ ক্যাশ আউট করবো কিভাবে,cash_out,rocket,Mymensingh
বিকাশ ক্যাশ আউট দেওনের নিয়ম,বিকাশ এ ক্যাশ আউট করবো কিভাবে,cash_out,bkash,Mymensingh
নগদ ক্যাশ আউট দেওনের নিয়ম,নগদ এ ক্যাশ আউট করবো কিভাবে,cash_out,nagad,Mymensingh
রকেট ক্যাশ আউট দেওনের নিয়ম,রকেট এ ক্যাশ আউট করবো কিভাবে,cash_out,rocket,Mymensingh
এজেন্ট থাইক্কা টেহা বার করুম,বিকাশ এ ক্যাশ আউট করবো কিভাবে,cash_out,bkash,Mymensingh
এজেন্ট থাইক্কা টেহা বার করুম,নগদ এ ক্যাশ আউট করবো কিভাবে,cash_out,nagad,Mymensingh
এজেন্ট থাইক্কা টেহা বার করুম,রকেট এ ক্যাশ আউট করবো কিভাবে,cash_out,rocket,Mymensingh
বিকাশ থেকে টাকা তুলবো কিভাবে,বিকাশ এ ক্যাশ আউট করবো কিভাবে,cash_out,bkash,Standard
নগদ থেকে টাকা তুলবো কিভাবে,নগদ এ ক্যাশ আউট করবো কিভাবে,cash_out,nagad,Standard
রকেট থেকে টাকা তুলবো কিভাবে,রকেট এ ক্যাশ আউট করবো কিভাবে,cash_out,rocket,Standard
বিকাশ ক্যাশ আউট করার নিয়ম,বিকাশ এ ক্যাশ আউট করবো কিভাবে,cash_out,bkash,Standard
নগদ ক্যাশ আউট করার নিয়ম,নগদ এ ক্যাশ আউট করবো কিভাবে,cash_out,nagad,Standard
রকেট ক্যাশ আউট করার নিয়ম,রকেট এ ক্যাশ আউট করবো কিভাবে,cash_out,rocket,Standard
এজেন্ট থেকে টাকা তোলার উপায়,বিকাশ এ ক্যাশ আউট করবো কিভাবে,cash_out,bkash,Standard
এজেন্ট থেকে টাকা তোলার উপায়,নগদ এ ক্যাশ আউট করবো কিভাবে,cash_out,nagad,Standard
এজেন্ট থেকে টাকা তোলার উপায়,রকেট এ ক্যাশ আউট করবো কিভাবে,cash_out,rocket,Standard
বিকাশ এ পঁইশা কত ছামু,বিকাশ এ ব্যালেন্স দেখবো কিভাবে,balance_check,bkash,Sylhet
নগদ এ পঁইশা কত ছামু,নগদ এ ব্যালেন্স দেখবো কিভাবে,balance_check,nagad,Sylhet
রকেট এ পঁইশা কত ছামু,রকেট এ ব্যালেন্স দেখবো কিভাবে,balance_check,rocket,Sylhet
বিকাশ ব্যালেন্স চাইতাম খিলান,বিকাশ এ ব্যালেন্স দেখবো কিভাবে,balance_check,bkash,Sylhet
নগদ ব্যালেন্স চাইতাম খিলান,নগদ এ ব্যালেন্স দেখবো কিভাবে,balance_check,nagad,Sylhet
রকেট ব্যালেন্স চাইতাম খিলান,রকেট এ ব্যালেন্স দেখবো কিভাবে,balance_check,rocket,Sylhet
আমার বিকাশ এ টেহা কত,বিকাশ এ ব্যালেন্স দেখবো কিভাবে,balance_check,bkash,Sylhet
আমার নগদ এ টেহা কত,নগদ এ ব্যালেন্স দেখবো কিভাবে,balance_check,nagad,Sylhet
আমার রকেট এ টেহা কত,রকেট এ ব্যালেন্স দেখবো কিভাবে,balance_check,rocket,Sylhet
বিকাশ অত্তুন ব্যালেন্স সাইয়ুম কেনে,বিকাশ এ ব্যালেন্স দেখবো কিভাবে,balance_check,bkash,Chittagong
নগদ অত্তুন ব্যালেন্স সাইয়ুম কেনে,নগদ এ ব্যালেন্স দেখবো কিভাবে,balance_check,nagad,Chittagong
রকেট অত্তুন ব্যালেন্স সাইয়ুম কেনে,রকেট এ ব্যালেন্স দেখবো কিভাবে,balance_check,rocket,Chittagong
বিকাশ ত টিয়া কড্ডা আছে,বিকাশ এ ব্যালেন্স দেখবো কিভাবে,balance_check,bkash,Chittagong
নগদ ত টিয়া কড্ডা আছে,নগদ এ ব্যালেন্স দেখবো কিভাবে,balance_check,nagad,Chittagong
রকেট ত টিয়া কড্ডা আছে,রকেট এ ব্যালেন্স দেখবো কিভাবে,balance_check,rocket,Chittagong
আঁই বিকাশ ব্যালেন্স চামু,বিকাশ এ ব্যালেন্স দেখবো কিভাবে,balance_check,bkash,Chittagong
আঁই নগদ ব্যালেন্স চামু,নগদ এ ব্যালেন্স দেখবো কিভাবে,balance_check,nagad,Chittagong
আঁই রকেট ব্যালেন্স চামু,রকেট এ ব্যালেন্স দেখবো কিভাবে,balance_check,rocket,Chittagong
বিকাশ ব্যালেন্স চামু ক্যানভে,বিকাশ এ ব্যালেন্স দেখবো কিভাবে,balance_check,bkash,Noakhali
নগদ ব্যালেন্স চামু ক্যানভে,নগদ এ ব্যালেন্স দেখবো কিভাবে,balance_check,nagad,Noakhali
রকেট ব্যালেন্স চামু ক্যানভে,রকেট এ ব্যালেন্স দেখবো কিভাবে,balance_check,rocket,Noakhali
বিকাশ এ কত টেয়া আছে দেহাও,বিকাশ এ ব্যালেন্স দেখবো কিভাবে,balance_check,bkash,Noakhali
নগদ এ কত টেয়া আছে দেহাও,নগদ এ ব্যালেন্স দেখবো কিভাবে,balance_check,nagad,Noakhali
রকেট এ কত টেয়া আছে দেহাও,রকেট এ ব্যালেন্স দেখবো কিভাবে,balance_check,rocket,Noakhali
টেয়া কত আছে দেখাও বিকাশ,বিকাশ এ ব্যালেন্স দেখবো কিভাবে,balance_check,bkash,Noakhali
টেয়া কত আছে দেখাও নগদ,নগদ এ ব্যালেন্স দেখবো কিভাবে,balance_check,nagad,Noakhali
টেয়া কত আছে দেখাও রকেট,রকেট এ ব্যালেন্স দেখবো কিভাবে,balance_check,rocket,Noakhali
বিকাশ এ পঁইশা দেকমু মোই,বিকাশ এ ব্যালেন্স দেখবো কিভাবে,balance_check,bkash,Barishal
নগদ এ পঁইশা দেকমু মোই,নগদ এ ব্যালেন্স দেখবো কিভাবে,balance_check,nagad,Barishal
রকেট এ পঁইশা দেকমু মোই,রকেট এ ব্যালেন্স দেখবো কিভাবে,balance_check,rocket,Barishal
বিকাশ ব্যালেন্সডা কেমনে দেকমু,বিকাশ এ ব্যালেন্স দেখবো কিভাবে,balance_check,bkash,Barishal
নগদ ব্যালেন্সডা কেমনে দেকমু,নগদ এ ব্যালেন্স দেখবো কিভাবে,balance_check,nagad,Barishal
রকেট ব্যালেন্সডা কেমনে দেকমু,রকেট এ ব্যালেন্স দেখবো কিভাবে,balance_check,rocket,Barishal
মোর বিকাশ এ কত টেহা,বিকাশ এ ব্যালেন্স দেখবো কিভাবে,balance_check,bkash,Barishal
মোর নগদ এ কত টেহা,নগদ এ ব্যালেন্স দেখবো কিভাবে,balance_check,nagad,Barishal
মোর রকেট এ কত টেহা,রকেট এ ব্যালেন্স দেখবো কিভাবে,balance_check,rocket,Barishal
বিকাশ এ টেহা দেহায় দেও,বিকাশ এ ব্যালেন্স দেখবো কিভাবে,balance_check,bkash,Mymensingh
নগদ এ টেহা দেহায় দেও,নগদ এ ব্যালেন্স দেখবো কিভাবে,balance_check,nagad,Mymensingh
রকেট এ টেহা দেহায় দেও,রকেট এ ব্যালেন্স দেখবো কিভাবে,balance_check,rocket,Mymensingh
বিকাশ ব্যালেন্স চামু কেমনে,বিকাশ এ ব্যালেন্স দেখবো কিভাবে,balance_check,bkash,Mymensingh
নগদ ব্যালেন্স চামু কেমনে,নগদ এ ব্যালেন্স দেখবো কিভাবে,balance_check,nagad,Mymensingh
রকেট ব্যালেন্স চামু কেমনে,রকেট এ ব্যালেন্স দেখবো কিভাবে,balance_check,rocket,Mymensingh
আমগো বিকাশ এ কত টেহা,বিকাশ এ ব্যালেন্স দেখবো কিভাবে,balance_check,bkash,Mymensingh
আমগো নগদ এ কত টেহা,নগদ এ ব্যালেন্স দেখবো কিভাবে,balance_check,nagad,Mymensingh
আমগো রকেট এ কত টেহা,রকেট এ ব্যালেন্স দেখবো কিভাবে,balance_check,rocket,Mymensingh
বিকাশ এ ব্যালেন্স দেখবো কিভাবে,বিকাশ এ ব্যালেন্স দেখবো কিভাবে,balance_check,bkash,Standard
নগদ এ ব্যালেন্স দেখবো কিভাবে,নগদ এ ব্যালেন্স দেখবো কিভাবে,balance_check,nagad,Standard
রকেট এ ব্যালেন্স দেখবো কিভাবে,রকেট এ ব্যালেন্স দেখবো কিভাবে,balance_check,rocket,Standard
বিকাশ একাউন্টে কত টাকা আছে,বিকাশ এ ব্যালেন্স দেখবো কিভাবে,balance_check,bkash,Standard
নগদ একাউন্টে কত টাকা আছে,নগদ এ ব্যালেন্স দেখবো কিভাবে,balance_check,nagad,Standard
রকেট একাউন্টে কত টাকা আছে,রকেট এ ব্যালেন্স দেখবো কিভাবে,balance_check,rocket,Standard
আমার বিকাশ ব্যালেন্স কত,বিকাশ এ ব্যালেন্স দেখবো কিভাবে,balance_check,bkash,Standard
আমার নগদ ব্যালেন্স কত,নগদ এ ব্যালেন্স দেখবো কিভাবে,balance_check,nagad,Standard
আমার রকেট ব্যালেন্স কত,রকেট এ ব্যালেন্স দেখবো কিভাবে,balance_check,rocket,Standard
বিকাশ এ রিচার্জ মারিয়া দেও,বিকাশ এ মোবাইল রিচার্জ করবো কিভাবে,mobile_recharge,bkash,Sylhet
নগদ এ রিচার্জ মারিয়া দেও,নগদ এ মোবাইল রিচার্জ করবো কিভাবে,mobile_recharge,nagad,Sylhet
রকেট এ রিচার্জ মারিয়া দেও,রকেট এ মোবাইল রিচার্জ করবো কিভাবে,mobile_recharge,rocket,Sylhet
বিকাশ এ ফ্লেক্সি কররাম খিলান,বিকাশ এ মোবাইল রিচার্জ করবো কিভাবে,mobile_recharge,bkash,Sylhet
নগদ এ ফ্লেক্সি কররাম খিলান,নগদ এ মোবাইল রিচার্জ করবো কিভাবে,mobile_recharge,nagad,Sylhet
রকেট এ ফ্লেক্সি কররাম খিলান,রকেট এ মোবাইল রিচার্জ করবো কিভাবে,mobile_recharge,rocket,Sylhet
মোবাইলে টেহা ভরতাম বিকাশ,বিকাশ এ মোবাইল রিচার্জ করবো কিভাবে,mobile_recharge,bkash,Sylhet
মোবাইলে টেহা ভরতাম নগদ,নগদ এ মোবাইল রিচার্জ করবো কিভাবে,mobile_recharge,nagad,Sylhet
মোবাইলে টেহা ভরতাম রকেট,রকেট এ মোবাইল রিচার্জ করবো কিভাবে,mobile_recharge,rocket,Sylhet
বিকাশ এ লোড গইত্তাম প্রসেস,বিকাশ এ মোবাইল রিচার্জ করবো কিভাবে,mobile_recharge,bkash,Chittagong
নগদ এ লোড গইত্তাম প্রসেস,নগদ এ মোবাইল রিচার্জ করবো কিভাবে,mobile_recharge,nagad,Chittagong
রকেট এ লোড গইত্তাম প্রসেস,রকেট এ মোবাইল রিচার্জ করবো কিভাবে,mobile_recharge,rocket,Chittagong
মোবাইলত রিচার্জ ফাড়াইয়ুম বিকাশ,বিকাশ এ মোবাইল রিচার্জ করবো কিভাবে,mobile_recharge,bkash,Chittagong
মোবাইলত রিচার্জ ফাড়াইয়ুম নগদ,নগদ এ মোবাইল রিচার্জ করবো কিভাবে,mobile_recharge,nagad,Chittagong
মোবাইলত রিচার্জ ফাড়াইয়ুম রকেট,রকেট এ মোবাইল রিচার্জ করবো কিভাবে,mobile_recharge,rocket,Chittagong
বিকাশ দিয়া ফ্লেক্সি লোড কেনে,বিকাশ এ মোবাইল রিচার্জ করবো কিভাবে,mobile_recharge,bkash,Chittagong
নগদ দিয়া ফ্লেক্সি লোড কেনে,নগদ এ মোবাইল রিচার্জ করবো কিভাবে,mobile_recharge,nagad,Chittagong
রকেট দিয়া ফ্লেক্সি লোড কেনে,রকেট এ মোবাইল রিচার্জ করবো কিভাবে,mobile_recharge,rocket,Chittagong
বিকাশ দি ফ্লেক্সি করনের তরিকা,বিকাশ এ মোবাইল রিচার্জ করবো কিভাবে,mobile_recharge,bkash,Noakhali
নগদ দি ফ্লেক্সি করনের তরিকা,নগদ এ মোবাইল রিচার্জ করবো কিভাবে,mobile_recharge,nagad,Noakhali
রকেট দি ফ্লেক্সি করনের তরিকা,রকেট এ মোবাইল রিচার্জ করবো কিভাবে,mobile_recharge,rocket,Noakhali
বিকাশ এ লোড করামু ক্যানভে,বিকাশ এ মোবাইল রিচার্জ করবো কিভাবে,mobile_recharge,bkash,Noakhali
নগদ এ লোড করামু ক্যানভে,নগদ এ মোবাইল রিচার্জ করবো কিভাবে,mobile_recharge,nagad,Noakhali
রকেট এ লোড করামু ক্যানভে,রকেট এ মোবাইল রিচার্জ করবো কিভাবে,mobile_recharge,rocket,Noakhali
মোবাইল রিচার্জ বিকাশ দিয়া,বিকাশ এ মোবাইল রিচার্জ করবো কিভাবে,mobile_recharge,bkash,Noakhali
মোবাইল রিচার্জ নগদ দিয়া,নগদ এ মোবাইল রিচার্জ করবো কিভাবে,mobile_recharge,nagad,Noakhali
মোবাইল রিচার্জ রকেট দিয়া,রকেট এ মোবাইল রিচার্জ করবো কিভাবে,mobile_recharge,rocket,Noakhali
বিকাশ দিয়া মোবাইলে লোড করুম,বিকাশ এ মোবাইল রিচার্জ করবো কিভাবে,mobile_recharge,bkash,Barishal
নগদ দিয়া মোবাইলে লোড করুম,নগদ এ মোবাইল রিচার্জ করবো কিভাবে,mobile_recharge,nagad,Barishal
রকেট দিয়া মোবাইলে লোড করুম,রকেট এ মোবাইল রিচার্জ করবো কিভাবে,mobile_recharge,rocket,Barishal
বিকাশ এ ফ্লেক্সি মারমু কেমনে,বিকাশ এ মোবাইল রিচার্জ করবো কিভাবে,mobile_recharge,bkash,Barishal
নগদ এ ফ্লেক্সি মারমু কেমনে,নগদ এ মোবাইল রিচার্জ করবো কিভাবে,mobile_recharge,nagad,Barishal
রকেট এ ফ্লেক্সি মারমু কেমনে,রকেট এ মোবাইল রিচার্জ করবো কিভাবে,mobile_recharge,rocket,Barishal
মোবাইলে টেহা ভরুম বিকাশ,বিকাশ এ মোবাইল রিচার্জ করবো কিভাবে,mobile_recharge,bkash,Barishal
মোবাইলে টেহা ভরুম নগদ,নগদ এ মোবাইল রিচার্জ করবো কিভাবে,mobile_recharge,nagad,Barishal
মোবাইলে টেহা ভরুম রকেট,রকেট এ মোবাইল রিচার্জ করবো কিভাবে,mobile_recharge,rocket,Barishal
বিকাশ এ রিচার্জ করুম কেমনে,বিকাশ এ মোবাইল রিচার্জ করবো কিভাবে,mobile_recharge,bkash,Mymensingh
নগদ এ রিচার্জ করুম কেমনে,নগদ এ মোবাইল রিচার্জ করবো কিভাবে,mobile_recharge,nagad,Mymensingh
রকেট এ রিচার্জ করুম কেমনে,রকেট এ মোবাইল রিচার্জ করবো কিভাবে,mobile_recharge,rocket,Mymensingh
মোবাইলে লোড দেওনের নিয়ম বিকাশ,বিকাশ এ মোবাইল রিচার্জ করবো কিভাবে,mobile_recharge,bkash,Mymensingh
মোবাইলে লোড দেওনের নিয়ম নগদ,নগদ এ মোবাইল রিচার্জ করবো কিভাবে,mobile_recharge,nagad,Mymensingh
মোবাইলে লোড দেওনের নিয়ম রকেট,রকেট এ মোবাইল রিচার্জ করবো কিভাবে,mobile_recharge,rocket,Mymensingh
বিকাশ দিয়া ফোনে টেহা ভরন,বিকাশ এ মোবাইল রিচার্জ করবো কিভাবে,mobile_recharge,bkash,Mymensingh
নগদ দিয়া ফোনে টেহা ভরন,নগদ এ মোবাইল রিচার্জ করবো কিভাবে,mobile_recharge,nagad,Mymensingh
রকেট দিয়া ফোনে টেহা ভরন,রকেট এ মোবাইল রিচার্জ করবো কিভাবে,mobile_recharge,rocket,Mymensingh
বিকাশ এ মোবাইল রিচার্জ করবো কিভাবে,বিকাশ এ মোবাইল রিচার্জ করবো কিভাবে,mobile_recharge,bkash,Standard
নগদ এ মোবাইল রিচার্জ করবো কিভাবে,নগদ এ মোবাইল রিচার্জ করবো কিভাবে,mobile_recharge,nagad,Standard
রকেট এ মোবাইল রিচার্জ করবো কিভাবে,রকেট এ মোবাইল রিচার্জ করবো কিভাবে,mobile_recharge,rocket,Standard
বিকাশ দিয়ে ফ্লেক্সি লোড করার নিয়ম,বিকাশ এ মোবাইল রিচার্জ করবো কিভাবে,mobile_recharge,bkash,Standard
নগদ দিয়ে ফ্লেক্সি লোড করার নিয়ম,নগদ এ মোবাইল রিচার্জ করবো কিভাবে,mobile_recharge,nagad,Standard
রকেট দিয়ে ফ্লেক্সি লোড করার নিয়ম,রকেট এ মোবাইল রিচার্জ করবো কিভাবে,mobile_recharge,rocket,Standard
মোবাইলে টাকা ভরবো বিকাশ,বিকাশ এ মোবাইল রিচার্জ করবো কিভাবে,mobile_recharge,bkash,Standard
মোবাইলে টাকা ভরবো নগদ,নগদ এ মোবাইল রিচার্জ করবো কিভাবে,mobile_recharge,nagad,Standard
মোবাইলে টাকা ভরবো রকেট,রকেট এ মোবাইল রিচার্জ করবো কিভাবে,mobile_recharge,rocket,Standard
বিকাশ এ টকটাইম কিনতাম খিলান,বিকাশ এ মিনিট রিচার্জ করবো কিভাবে,mobile_recharge_talktime,bkash,Sylhet
নগদ এ টকটাইম কিনতাম খিলান,নগদ এ মিনিট রিচার্জ করবো কিভাবে,mobile_recharge_talktime,nagad,Sylhet
রকেট এ টকটাইম কিনতাম খিলান,রকেট এ মিনিট রিচার্জ করবো কিভাবে,mobile_recharge_talktime,rocket,Sylhet
মিনিট প্যাক ভরতাম বিকাশ দিয়া,বিকাশ এ মিনিট রিচার্জ করবো কিভাবে,mobile_recharge_talktime,bkash,Sylhet
মিনিট প্যাক ভরতাম নগদ দিয়া,নগদ এ মিনিট রিচার্জ করবো কিভাবে,mobile_recharge_talktime,nagad,Sylhet
মিনিট প্যাক ভরতাম রকেট দিয়া,রকেট এ মিনিট রিচার্জ করবো কিভাবে,mobile_recharge_talktime,rocket,Sylhet
ফোনে কথা কওয়ার মিনিট বিকাশ,বিকাশ এ মিনিট রিচার্জ করবো কিভাবে,mobile_recharge_talktime,bkash,Sylhet
ফোনে কথা কওয়ার মিনিট নগদ,নগদ এ মিনিট রিচার্জ করবো কিভাবে,mobile_recharge_talktime,nagad,Sylhet
ফোনে কথা কওয়ার মিনিট রকেট,রকেট এ মিনিট রিচার্জ করবো কিভাবে,mobile_recharge_talktime,rocket,Sylhet
বিকাশ অত্তুন মিনিট প্যাক কেনে ভরতাম,বিকাশ এ মিনিট রিচার্জ করবো কিভাবে,mobile_recharge_talktime,bkash,Chittagong
নগদ অত্তুন মিনিট প্যাক কেনে ভরতাম,নগদ এ মিনিট রিচার্জ করবো কিভাবে,mobile_recharge_talktime,nagad,Chittagong
রকেট অত্তুন মিনিট প্যাক কেনে ভরতাম,রকেট এ মিনিট রিচার্জ করবো কিভাবে,mobile_recharge_talktime,rocket,Chittagong
কথা কওনের টকটাইম বিকাশ,বিকাশ এ মিনিট রিচার্জ করবো কিভাবে,mobile_recharge_talktime,bkash,Chittagong
কথা কওনের টকটাইম নগদ,নগদ এ মিনিট রিচার্জ করবো কিভাবে,mobile_recharge_talktime,nagad,Chittagong
কথা কওনের টকটাইম রকেট,রকেট এ মিনিট রিচার্জ করবো কিভাবে,mobile_recharge_talktime,rocket,Chittagong
মিনিট লোড গইত্তাম বিকাশ,বিকাশ এ মিনিট রিচার্জ করবো কিভাবে,mobile_recharge_talktime,bkash,Chittagong
মিনিট লোড গইত্তাম নগদ,নগদ এ মিনিট রিচার্জ করবো কিভাবে,mobile_recharge_talktime,nagad,Chittagong
মিনিট লোড গইত্তাম রকেট,রকেট এ মিনিট রিচার্জ করবো কিভাবে,mobile_recharge_talktime,rocket,Chittagong
বিকাশ দি মিনিট কিনুম ক্যানভে,বিকাশ এ মিনিট রিচার্জ করবো কিভাবে,mobile_recharge_talktime,bkash,Noakhali
নগদ দি মিনিট কিনুম ক্যানভে,নগদ এ মিনিট রিচার্জ করবো কিভাবে,mobile_recharge_talktime,nagad,Noakhali
রকেট দি মিনিট কিনুম ক্যানভে,রকেট এ মিনিট রিচার্জ করবো কিভাবে,mobile_recharge_talktime,rocket,Noakhali
টকটাইম লোড করনের উপায় বিকাশ,বিকাশ এ মিনিট রিচার্জ করবো কিভাবে,mobile_recharge_talktime,bkash,Noakhali
টকটাইম লোড করনের উপায় নগদ,নগদ এ মিনিট রিচার্জ করবো কিভাবে,mobile_recharge_talktime,nagad,Noakhali
টকটাইম লোড করনের উপায় রকেট,রকেট এ মিনিট রিচার্জ করবো কিভাবে,mobile_recharge_talktime,rocket,Noakhali
ফোনে কথা বলার মিনিট বিকাশ,বিকাশ এ মিনিট রিচার্জ করবো কিভাবে,mobile_recharge_talktime,bkash,Noakhali
ফোনে কথা বলার মিনিট নগদ,নগদ এ মিনিট রিচার্জ করবো কিভাবে,mobile_recharge_talktime,nagad,Noakhali
ফোনে কথা বলার মিনিট রকেট,রকেট এ মিনিট রিচার্জ করবো কিভাবে,mobile_recharge_talktime,rocket,Noakhali
বিকাশ দিয়া মিনিট প্যাক ভরুম কেমনে,বিকাশ এ মিনিট রিচার্জ করবো কিভাবে,mobile_recharge_talktime,bkash,Barishal
নগদ দিয়া মিনিট প্যাক ভরুম কেমনে,নগদ এ মিনিট রিচার্জ করবো কিভাবে,mobile_recharge_talktime,nagad,Barishal
রকেট দিয়া মিনিট প্যাক ভরুম কেমনে,রকেট এ মিনিট রিচার্জ করবো কিভাবে,mobile_recharge_talktime,rocket,Barishal
টকটাইম ভরুম বিকাশ এ,বিকাশ এ মিনিট রিচার্জ করবো কিভাবে,mobile_recharge_talktime,bkash,Barishal
টকটাইম ভরুম নগদ এ,নগদ এ মিনিট রিচার্জ করবো কিভাবে,mobile_recharge_talktime,nagad,Barishal
টকটাইম ভরুম রকেট এ,রকেট এ মিনিট রিচার্জ করবো কিভাবে,mobile_recharge_talktime,rocket,Barishal
কথা কওয়ার অফার বিকাশ,বিকাশ এ মিনিট রিচার্জ করবো কিভাবে,mobile_recharge_talktime,bkash,Barishal
কথা কওয়ার অফার নগদ,নগদ এ মিনিট রিচার্জ করবো কিভাবে,mobile_recharge_talktime,nagad,Barishal
কথা কওয়ার অফার রকেট,রকেট এ মিনিট রিচার্জ করবো কিভাবে,mobile_recharge_talktime,rocket,Barishal
বিকাশ এ মিনিট দেওনের নিয়ম,বিকাশ এ মিনিট রিচার্জ করবো কিভাবে,mobile_recharge_talktime,bkash,Mymensingh
নগদ এ মিনিট দেওনের নিয়ম,নগদ এ মিনিট রিচার্জ করবো কিভাবে,mobile_recharge_talktime,nagad,Mymensingh
রকেট এ মিনিট দেওনের নিয়ম,রকেট এ মিনিট রিচার্জ করবো কিভাবে,mobile_recharge_talktime,rocket,Mymensingh
টকটাইম ভরন লাগবো বিকাশ,বিকাশ এ মিনিট রিচার্জ করবো কিভাবে,mobile_recharge_talktime,bkash,Mymensingh
টকটাইম ভরন লাগবো নগদ,নগদ এ মিনিট রিচার্জ করবো কিভাবে,mobile_recharge_talktime,nagad,Mymensingh
টকটাইম ভরন লাগবো রকেট,রকেট এ মিনিট রিচার্জ করবো কিভাবে,mobile_recharge_talktime,rocket,Mymensingh
ফোনে কথা কওনের অফার বিকাশ,বিকাশ এ মিনিট রিচার্জ করবো কিভাবে,mobile_recharge_talktime,bkash,Mymensingh
ফোনে কথা কওনের অফার নগদ,নগদ এ মিনিট রিচার্জ করবো কিভাবে,mobile_recharge_talktime,nagad,Mymensingh
ফোনে কথা কওনের অফার রকেট,রকেট এ মিনিট রিচার্জ করবো কিভাবে,mobile_recharge_talktime,rocket,Mymensingh
বিকাশ দিয়ে মিনিট প্যাক কিনবো কিভাবে,বিকাশ এ মিনিট রিচার্জ করবো কিভাবে,mobile_recharge_talktime,bkash,Standard
নগদ দিয়ে মিনিট প্যাক কিনবো কিভাবে,নগদ এ মিনিট রিচার্জ করবো কিভাবে,mobile_recharge_talktime,nagad,Standard
রকেট দিয়ে মিনিট প্যাক কিনবো কিভাবে,রকেট এ মিনিট রিচার্জ করবো কিভাবে,mobile_recharge_talktime,rocket,Standard
বিকাশ এ টকটাইম রিচার্জের নিয়ম,বিকাশ এ মিনিট রিচার্জ করবো কিভাবে,mobile_recharge_talktime,bkash,Standard
নগদ এ টকটাইম রিচার্জের নিয়ম,নগদ এ মিনিট রিচার্জ করবো কিভাবে,mobile_recharge_talktime,nagad,Standard
রকেট এ টকটাইম রিচার্জের নিয়ম,রকেট এ মিনিট রিচার্জ করবো কিভাবে,mobile_recharge_talktime,rocket,Standard
মিনিট বান্ডেল রিচার্জ বিকাশ,বিকাশ এ মিনিট রিচার্জ করবো কিভাবে,mobile_recharge_talktime,bkash,Standard
মিনিট বান্ডেল রিচার্জ নগদ,নগদ এ মিনিট রিচার্জ করবো কিভাবে,mobile_recharge_talktime,nagad,Standard
মিনিট বান্ডেল রিচার্জ রকেট,রকেট এ মিনিট রিচার্জ করবো কিভাবে,mobile_recharge_talktime,rocket,Standard
বিকাশ এ এমবি ভরতাম খিলান,বিকাশ এ ইন্টারনেট রিচার্জ করবো কিভাবে,mobile_recharge_internet,bkash,Sylhet
নগদ এ এমবি ভরতাম খিলান,নগদ এ ইন্টারনেট রিচার্জ করবো কিভাবে,mobile_recharge_internet,nagad,Sylhet
রকেট এ এমবি ভরতাম খিলান,রকেট এ ইন্টারনেট রিচার্জ করবো কিভাবে,mobile_recharge_internet,rocket,Sylhet
নেটের অফার কিনতাম বিকাশ দিয়া,বিকাশ এ ইন্টারনেট রিচার্জ করবো কিভাবে,mobile_recharge_internet,bkash,Sylhet
নেটের অফার কিনতাম নগদ দিয়া,নগদ এ ইন্টারনেট রিচার্জ করবো কিভাবে,mobile_recharge_internet,nagad,Sylhet
নেটের অফার কিনতাম রকেট দিয়া,রকেট এ ইন্টারনেট রিচার্জ করবো কিভাবে,mobile_recharge_internet,rocket,Sylhet
ইন্টারনেট প্যাক বিকাশ,বিকাশ এ ইন্টারনেট রিচার্জ করবো কিভাবে,mobile_recharge_internet,bkash,Sylhet
ইন্টারনেট প্যাক নগদ,নগদ এ ইন্টারনেট রিচার্জ করবো কিভাবে,mobile_recharge_internet,nagad,Sylhet
ইন্টারনেট প্যাক রকেট,রকেট এ ইন্টারনেট রিচার্জ করবো কিভাবে,mobile_recharge_internet,rocket,Sylhet
বিকাশ অত্তুন এমবি প্যাক কেনে ভরতাম,বিকাশ এ ইন্টারনেট রিচার্জ করবো কিভাবে,mobile_recharge_internet,bkash,Chittagong
নগদ অত্তুন এমবি প্যাক কেনে ভরতাম,নগদ এ ইন্টারনেট রিচার্জ করবো কিভাবে,mobile_recharge_internet,nagad,Chittagong
রকেট অত্তুন এমবি প্যাক কেনে ভরতাম,রকেট এ ইন্টারনেট রিচার্জ করবো কিভাবে,mobile_recharge_internet,rocket,Chittagong
নেটের জিবি লোড গইত্তাম বিকাশ,বিকাশ এ ইন্টারনেট রিচার্জ করবো কিভাবে,mobile_recharge_internet,bkash,Chittagong
নেটের জিবি লোড গইত্তাম নগদ,নগদ এ ইন্টারনেট রিচার্জ করবো কিভাবে,mobile_recharge_internet,nagad,Chittagong
নেটের জিবি লোড গইত্তাম রকেট,রকেট এ ইন্টারনেট রিচার্জ করবো কিভাবে,mobile_recharge_internet,rocket,Chittagong
ইন্টারনেট ভরতাম বিকাশ,বিকাশ এ ইন্টারনেট রিচার্জ করবো কিভাবে,mobile_recharge_internet,bkash,Chittagong
ইন্টারনেট ভরতাম নগদ,নগদ এ ইন্টারনেট রিচার্জ করবো কিভাবে,mobile_recharge_internet,nagad,Chittagong
ইন্টারনেট ভরতাম রকেট,রকেট এ ইন্টারনেট রিচার্জ করবো কিভাবে,mobile_recharge_internet,rocket,Chittagong
বিকাশ দি এমবি কিনুম ক্যানভে,বিকাশ এ ইন্টারনেট রিচার্জ করবো কিভাবে,mobile_recharge_internet,bkash,Noakhali
নগদ দি এমবি কিনুম ক্যানভে,নগদ এ ইন্টারনেট রিচার্জ করবো কিভাবে,mobile_recharge_internet,nagad,Noakhali
রকেট দি এমবি কিনুম ক্যানভে,রকেট এ ইন্টারনেট রিচার্জ করবো কিভাবে,mobile_recharge_internet,rocket,Noakhali
নেটের অফার ভরতাম বিকাশ,বিকাশ এ ইন্টারনেট রিচার্জ করবো কিভাবে,mobile_recharge_internet,bkash,Noakhali
নেটের অফার ভরতাম নগদ,নগদ এ ইন্টারনেট রিচার্জ করবো কিভাবে,mobile_recharge_internet,nagad,Noakhali
নেটের অফার ভরতাম রকেট,রকেট এ ইন্টারনেট রিচার্জ করবো কিভাবে,mobile_recharge_internet,rocket,Noakhali
ইন্টারনেট প্যাক লোড বিকাশ,বিকাশ এ ইন্টারনেট রিচার্জ করবো কিভাবে,mobile_recharge_internet,bkash,Noakhali
ইন্টারনেট প্যাক লোড নগদ,নগদ এ ইন্টারনেট রিচার্জ করবো কিভাবে,mobile_recharge_internet,nagad,Noakhali
ইন্টারনেট প্যাক লোড রকেট,রকেট এ ইন্টারনেট রিচার্জ করবো কিভাবে,mobile_recharge_internet,rocket,Noakhali
বিকাশ দিয়া এমবি ভরুম কেমনে,বিকাশ এ ইন্টারনেট রিচার্জ করবো কিভাবে,mobile_recharge_internet,bkash,Barishal
নগদ দিয়া এমবি ভরুম কেমনে,নগদ এ ইন্টারনেট রিচার্জ করবো কিভাবে,mobile_recharge_internet,nagad,Barishal
রকেট দিয়া এমবি ভরুম কেমনে,রকেট এ ইন্টারনেট রিচার্জ করবো কিভাবে,mobile_recharge_internet,rocket,Barishal
নেটের প্যাক কিনমু বিকাশ এ,বিকাশ এ ইন্টারনেট রিচার্জ করবো কিভাবে,mobile_recharge_internet,bkash,Barishal
নেটের প্যাক কিনমু নগদ এ,নগদ এ ইন্টারনেট রিচার্জ করবো কিভাবে,mobile_recharge_internet,nagad,Barishal
নেটের প্যাক কিনমু রকেট এ,রকেট এ ইন্টারনেট রিচার্জ করবো কিভাবে,mobile_recharge_internet,rocket,Barishal
ইন্টারনেট ভরুম বিকাশ,বিকাশ এ ইন্টারনেট রিচার্জ করবো কিভাবে,mobile_recharge_internet,bkash,Barishal
ইন্টারনেট ভরুম নগদ,নগদ এ ইন্টারনেট রিচার্জ করবো কিভাবে,mobile_recharge_internet,nagad,Barishal
ইন্টারনেট ভরুম রকেট,রকেট এ ইন্টারনেট রিচার্জ করবো কিভাবে,mobile_recharge_internet,rocket,Barishal
বিকাশ এ এমবি দেওনের নিয়ম,বিকাশ এ ইন্টারনেট রিচার্জ করবো কিভাবে,mobile_recharge_internet,bkash,Mymensingh
নগদ এ এমবি দেওনের নিয়ম,নগদ এ ইন্টারনেট রিচার্জ করবো কিভাবে,mobile_recharge_internet,nagad,Mymensingh
রকেট এ এমবি দেওনের নিয়ম,রকেট এ ইন্টারনেট রিচার্জ করবো কিভাবে,mobile_recharge_internet,rocket,Mymensingh
ইন্টারনেট প্যাক দেওন লাগবো বিকাশ,বিকাশ এ ইন্টারনেট রিচার্জ করবো কিভাবে,mobile_recharge_internet,bkash,Mymensingh
ইন্টারনেট প্যাক দেওন লাগবো নগদ,নগদ এ ইন্টারনেট রিচার্জ করবো কিভাবে,mobile_recharge_internet,nagad,Mymensingh
ইন্টারনেট প্যাক দেওন লাগবো রকেট,রকেট এ ইন্টারনেট রিচার্জ করবো কিভাবে,mobile_recharge_internet,rocket,Mymensingh
নেটের অফার ভরুম বিকাশ,বিকাশ এ ইন্টারনেট রিচার্জ করবো কিভাবে,mobile_recharge_internet,bkash,Mymensingh
নেটের অফার ভরুম নগদ,নগদ এ ইন্টারনেট রিচার্জ করবো কিভাবে,mobile_recharge_internet,nagad,Mymensingh
নেটের অফার ভরুম রকেট,রকেট এ ইন্টারনেট রিচার্জ করবো কিভাবে,mobile_recharge_internet,rocket,Mymensingh
বিকাশ দিয়ে এমবি কিনবো কিভাবে,বিকাশ এ ইন্টারনেট রিচার্জ করবো কিভাবে,mobile_recharge_internet,bkash,Standard
নগদ দিয়ে এমবি কিনবো কিভাবে,নগদ এ ইন্টারনেট রিচার্জ করবো কিভাবে,mobile_recharge_internet,nagad,Standard
রকেট দিয়ে এমবি কিনবো কিভাবে,রকেট এ ইন্টারনেট রিচার্জ করবো কিভাবে,mobile_recharge_internet,rocket,Standard
বিকাশ এ ইন্টারনেট প্যাক কেনার নিয়ম,বিকাশ এ ইন্টারনেট রিচার্জ করবো কিভাবে,mobile_recharge_internet,bkash,Standard
নগদ এ ইন্টারনেট প্যাক কেনার নিয়ম,নগদ এ ইন্টারনেট রিচার্জ করবো কিভাবে,mobile_recharge_internet,nagad,Standard
রকেট এ ইন্টারনেট প্যাক কেনার নিয়ম,রকেট এ ইন্টারনেট রিচার্জ করবো কিভাবে,mobile_recharge_internet,rocket,Standard
ডাটা প্যাক রিচার্জ বিকাশ,বিকাশ এ ইন্টারনেট রিচার্জ করবো কিভাবে,mobile_recharge_internet,bkash,Standard
ডাটা প্যাক রিচার্জ নগদ,নগদ এ ইন্টারনেট রিচার্জ করবো কিভাবে,mobile_recharge_internet,nagad,Standard
ডাটা প্যাক রিচার্জ রকেট,রকেট এ ইন্টারনেট রিচার্জ করবো কিভাবে,mobile_recharge_internet,rocket,Standard
বিকাশ এ আমার অফার ছামু খিলান,বিকাশ এ আমার অফার দেখবো কিভাবে,mobile_recharge_myoffer,bkash,Sylhet
নগদ এ আমার অফার ছামু খিলান,নগদ এ আমার অফার দেখবো কিভাবে,mobile_recharge_myoffer,nagad,Sylhet
রকেট এ আমার অফার ছামু খিলান,রকেট এ আমার অফার দেখবো কিভাবে,mobile_recharge_myoffer,rocket,Sylhet
মোর নিজের অফার বিকাশ এ,বিকাশ এ আমার অফার দেখবো কিভাবে,mobile_recharge_myoffer,bkash,Sylhet
মোর নিজের অফার নগদ এ,নগদ এ আমার অফার দেখবো কিভাবে,mobile_recharge_myoffer,nagad,Sylhet
মোর নিজের অফার রকেট এ,রকেট এ আমার অফার দেখবো কিভাবে,mobile_recharge_myoffer,rocket,Sylhet
স্পেশাল অফার ভরতাম বিকাশ,বিকাশ এ আমার অফার দেখবো কিভাবে,mobile_recharge_myoffer,bkash,Sylhet
স্পেশাল অফার ভরতাম নগদ,নগদ এ আমার অফার দেখবো কিভাবে,mobile_recharge_myoffer,nagad,Sylhet
স্পেশাল অফার ভরতাম রকেট,রকেট এ আমার অফার দেখবো কিভাবে,mobile_recharge_myoffer,rocket,Sylhet
বিকাশ ত আঁর অফার কেনে চামু,বিকাশ এ আমার অফার দেখবো কিভাবে,mobile_recharge_myoffer,bkash,Chittagong
নগদ ত আঁর অফার কেনে চামু,নগদ এ আমার অফার দেখবো কিভাবে,mobile_recharge_myoffer,nagad,Chittagong
রকেট ত আঁর অফার কেনে চামু,রকেট এ আমার অফার দেখবো কিভাবে,mobile_recharge_myoffer,rocket,Chittagong
নিজের অফার ভরতাম বিকাশ,বিকাশ এ আমার অফার দেখবো কিভাবে,mobile_recharge_myoffer,bkash,Chittagong
নিজের অফার ভরতাম নগদ,নগদ এ আমার অফার দেখবো কিভাবে,mobile_recharge_myoffer,nagad,Chittagong
নিজের অফার ভরতাম রকেট,রকেট এ আমার অফার দেখবো কিভাবে,mobile_recharge_myoffer,rocket,Chittagong
মাই অফার চেক বিকাশ,বিকাশ এ আমার অফার দেখবো কিভাবে,mobile_recharge_myoffer,bkash,Chittagong
মাই অফার চেক নগদ,নগদ এ আমার অফার দেখবো কিভাবে,mobile_recharge_myoffer,nagad,Chittagong
মাই অফার চেক রকেট,রকেট এ আমার অফার দেখবো কিভাবে,mobile_recharge_myoffer,rocket,Chittagong
বিকাশ দি মোর অফার চামু ক্যানভে,বিকাশ এ আমার অফার দেখবো কিভাবে,mobile_recharge_myoffer,bkash,Noakhali
নগদ দি মোর অফার চামু ক্যানভে,নগদ এ আমার অফার দেখবো কিভাবে,mobile_recharge_myoffer,nagad,Noakhali
রকেট দি মোর অফার চামু ক্যানভে,রকেট এ আমার অফার দেখবো কিভাবে,mobile_recharge_myoffer,rocket,Noakhali
স্পেশাল অফার দেওনের নিয়ম বিকাশ,বিকাশ এ আমার অফার দেখবো কিভাবে,mobile_recharge_myoffer,bkash,Noakhali
স্পেশাল অফার দেওনের নিয়ম নগদ,নগদ এ আমার অফার দেখবো কিভাবে,mobile_recharge_myoffer,nagad,Noakhali
স্পেশাল অফার দেওনের নিয়ম রকেট,রকেট এ আমার অফার দেখবো কিভাবে,mobile_recharge_myoffer,rocket,Noakhali
আমার অফার বিকাশ,বিকাশ এ আমার অফার দেখবো কিভাবে,mobile_recharge_myoffer,bkash,Noakhali
আমার অফার নগদ,নগদ এ আমার অফার দেখবো কিভাবে,mobile_recharge_myoffer,nagad,Noakhali
আমার অফার রকেট,রকেট এ আমার অফার দেখবো কিভাবে,mobile_recharge_myoffer,rocket,Noakhali
বিকাশ দিয়া মোর অফার দেকমু কেমনে,বিকাশ এ আমার অফার দেখবো কিভাবে,mobile_recharge_myoffer,bkash,Barishal
নগদ দিয়া মোর অফার দেকমু কেমনে,নগদ এ আমার অফার দেখবো কিভাবে,mobile_recharge_myoffer,nagad,Barishal
রকেট দিয়া মোর অফার দেকমু কেমনে,রকেট এ আমার অফার দেখবো কিভাবে,mobile_recharge_myoffer,rocket,Barishal
মোর কাস্টম অফার বিকাশ,বিকাশ এ আমার অফার দেখবো কিভাবে,mobile_recharge_myoffer,bkash,Barishal
মোর কাস্টম অফার নগদ,নগদ এ আমার অফার দেখবো কিভাবে,mobile_recharge_myoffer,nagad,Barishal
মোর কাস্টম অফার রকেট,রকেট এ আমার অফার দেখবো কিভাবে,mobile_recharge_myoffer,rocket,Barishal
মাই অফার ভরুম বিকাশ,বিকাশ এ আমার অফার দেখবো কিভাবে,mobile_recharge_myoffer,bkash,Barishal
মাই অফার ভরুম নগদ,নগদ এ আমার অফার দেখবো কিভাবে,mobile_recharge_myoffer,nagad,Barishal
মাই অফার ভরুম রকেট,রকেট এ আমার অফার দেখবো কিভাবে,mobile_recharge_myoffer,rocket,Barishal
বিকাশ এ আমগোর অফার দেহায় দেও,বিকাশ এ আমার অফার দেখবো কিভাবে,mobile_recharge_myoffer,bkash,Mymensingh
নগদ এ আমগোর অফার দেহায় দেও,নগদ এ আমার অফার দেখবো কিভাবে,mobile_recharge_myoffer,nagad,Mymensingh
রকেট এ আমগোর অফার দেহায় দেও,রকেট এ আমার অফার দেখবো কিভাবে,mobile_recharge_myoffer,rocket,Mymensingh
আমার অফার দেওন লাগবো বিকাশ,বিকাশ এ আমার অফার দেখবো কিভাবে,mobile_recharge_myoffer,bkash,Mymensingh
আমার অফার দেওন লাগবো নগদ,নগদ এ আমার অফার দেখবো কিভাবে,mobile_recharge_myoffer,nagad,Mymensingh
আমার অফার দেওন লাগবো রকেট,রকেট এ আমার অফার দেখবো কিভাবে,mobile_recharge_myoffer,rocket,Mymensingh
স্পেশাল অফার বিকাশ,বিকাশ এ আমার অফার দেখবো কিভাবে,mobile_recharge_myoffer,bkash,Mymensingh
স্পেশাল অফার নগদ,নগদ এ আমার অফার দেখবো কিভাবে,mobile_recharge_myoffer,nagad,Mymensingh
স্পেশাল অফার রকেট,রকেট এ আমার অফার দেখবো কিভাবে,mobile_recharge_myoffer,rocket,Mymensingh
বিকাশ এ আমার অফার দেখবো কিভাবে,বিকাশ এ আমার অফার দেখবো কিভাবে,mobile_recharge_myoffer,bkash,Standard
নগদ এ আমার অফার দেখবো কিভাবে,নগদ এ আমার অফার দেখবো কিভাবে,mobile_recharge_myoffer,nagad,Standard
রকেট এ আমার অফার দেখবো কিভাবে,রকেট এ আমার অফার দেখবো কিভাবে,mobile_recharge_myoffer,rocket,Standard
বিকাশ এ মাই অফার কেনার নিয়ম,বিকাশ এ আমার অফার দেখবো কিভাবে,mobile_recharge_myoffer,bkash,Standard
নগদ এ মাই অফার কেনার নিয়ম,নগদ এ আমার অফার দেখবো কিভাবে,mobile_recharge_myoffer,nagad,Standard
রকেট এ মাই অফার কেনার নিয়ম,রকেট এ আমার অফার দেখবো কিভাবে,mobile_recharge_myoffer,rocket,Standard
আমার জন্য বিশেষ অফার বিকাশ,বিকাশ এ আমার অফার দেখবো কিভাবে,mobile_recharge_myoffer,bkash,Standard
আমার জন্য বিশেষ অফার নগদ,নগদ এ আমার অফার দেখবো কিভাবে,mobile_recharge_myoffer,nagad,Standard
আমার জন্য বিশেষ অফার রকেট,রকেট এ আমার অফার দেখবো কিভাবে,mobile_recharge_myoffer,rocket,Standard
বিকাশ দি কারেন্টের বিল দিতাম খিলান,বিকাশ এ বিদ্যুৎ বিল দেবো কিভাবে,pay_bill_electricity,bkash,Sylhet
নগদ দি কারেন্টের বিল দিতাম খিলান,নগদ এ বিদ্যুৎ বিল দেবো কিভাবে,pay_bill_electricity,nagad,Sylhet
রকেট দি কারেন্টের বিল দিতাম খিলান,রকেট এ বিদ্যুৎ বিল দেবো কিভাবে,pay_bill_electricity,rocket,Sylhet
বিদ্যুৎ বিল দিমু বিকাশ দিয়া,বিকাশ এ বিদ্যুৎ বিল দেবো কিভাবে,pay_bill_electricity,bkash,Sylhet
বিদ্যুৎ বিল দিমু নগদ দিয়া,নগদ এ বিদ্যুৎ বিল দেবো কিভাবে,pay_bill_electricity,nagad,Sylhet
বিদ্যুৎ বিল দিমু রকেট দিয়া,রকেট এ বিদ্যুৎ বিল দেবো কিভাবে,pay_bill_electricity,rocket,Sylhet
কারেন্ট বিল দেওন বিকাশ,বিকাশ এ বিদ্যুৎ বিল দেবো কিভাবে,pay_bill_electricity,bkash,Sylhet
কারেন্ট বিল দেওন নগদ,নগদ এ বিদ্যুৎ বিল দেবো কিভাবে,pay_bill_electricity,nagad,Sylhet
কারেন্ট বিল দেওন রকেট,রকেট এ বিদ্যুৎ বিল দেবো কিভাবে,pay_bill_electricity,rocket,Sylhet
বিকাশ ত বিদ্যুৎ বিল ফাড়াইয়ুম কেনে,বিকাশ এ বিদ্যুৎ বিল দেবো কিভাবে,pay_bill_electricity,bkash,Chittagong
নগদ ত বিদ্যুৎ বিল ফাড়াইয়ুম কেনে,নগদ এ বিদ্যুৎ বিল দেবো কিভাবে,pay_bill_electricity,nagad,Chittagong
রকেট ত বিদ্যুৎ বিল ফাড়াইয়ুম কেনে,রকেট এ বিদ্যুৎ বিল দেবো কিভাবে,pay_bill_electricity,rocket,Chittagong
কারেন্ট বিল দিমু বিকাশ অত্তুন,বিকাশ এ বিদ্যুৎ বিল দেবো কিভাবে,pay_bill_electricity,bkash,Chittagong
কারেন্ট বিল দিমু নগদ অত্তুন,নগদ এ বিদ্যুৎ বিল দেবো কিভাবে,pay_bill_electricity,nagad,Chittagong
কারেন্ট বিল দিমু রকেট অত্তুন,রকেট এ বিদ্যুৎ বিল দেবো কিভাবে,pay_bill_electricity,rocket,Chittagong
বিদ্যুৎ বিল ভরুম বিকাশ,বিকাশ এ বিদ্যুৎ বিল দেবো কিভাবে,pay_bill_electricity,bkash,Chittagong
বিদ্যুৎ বিল ভরুম নগদ,নগদ এ বিদ্যুৎ বিল দেবো কিভাবে,pay_bill_electricity,nagad,Chittagong
বিদ্যুৎ বিল ভরুম রকেট,রকেট এ বিদ্যুৎ বিল দেবো কিভাবে,pay_bill_electricity,rocket,Chittagong
বিকাশ দি কারেন্টের বিল দিমু ক্যানভে,বিকাশ এ বিদ্যুৎ বিল দেবো কিভাবে,pay_bill_electricity,bkash,Noakhali
নগদ দি কারেন্টের বিল দিমু ক্যানভে,নগদ এ বিদ্যুৎ বিল দেবো কিভাবে,pay_bill_electricity,nagad,Noakhali
রকেট দি কারেন্টের বিল দিমু ক্যানভে,রকেট এ বিদ্যুৎ বিল দেবো কিভাবে,pay_bill_electricity,rocket,Noakhali
বিদ্যুৎ বিল হাড়ামু বিকাশ,বিকাশ এ বিদ্যুৎ বিল দেবো কিভাবে,pay_bill_electricity,bkash,Noakhali
বিদ্যুৎ বিল হাড়ামু নগদ,নগদ এ বিদ্যুৎ বিল দেবো কিভাবে,pay_bill_electricity,nagad,Noakhali
বিদ্যুৎ বিল হাড়ামু রকেট,রকেট এ বিদ্যুৎ বিল দেবো কিভাবে,pay_bill_electricity,rocket,Noakhali
কারেন্ট বিল দেওনের নিয়ম বিকাশ,বিকাশ এ বিদ্যুৎ বিল দেবো কিভাবে,pay_bill_electricity,bkash,Noakhali
কারেন্ট বিল দেওনের নিয়ম নগদ,নগদ এ বিদ্যুৎ বিল দেবো কিভাবে,pay_bill_electricity,nagad,Noakhali
কারেন্ট বিল দেওনের নিয়ম রকেট,রকেট এ বিদ্যুৎ বিল দেবো কিভাবে,pay_bill_electricity,rocket,Noakhali
বিকাশ দিয়া কারেন্ট বিল দিমু কেমনে,বিকাশ এ বিদ্যুৎ বিল দেবো কিভাবে,pay_bill_electricity,bkash,Barishal
নগদ দিয়া কারেন্ট বিল দিমু কেমনে,নগদ এ বিদ্যুৎ বিল দেবো কিভাবে,pay_bill_electricity,nagad,Barishal
রকেট দিয়া কারেন্ট বিল দিমু কেমনে,রকেট এ বিদ্যুৎ বিল দেবো কিভাবে,pay_bill_electricity,rocket,Barishal
বিদ্যুৎ বিল দেওনের উপায় বিকাশ,বিকাশ এ বিদ্যুৎ বিল দেবো কিভাবে,pay_bill_electricity,bkash,Barishal
বিদ্যুৎ বিল দেওনের উপায় নগদ,নগদ এ বিদ্যুৎ বিল দেবো কিভাবে,pay_bill_electricity,nagad,Barishal
বিদ্যুৎ বিল দেওনের উপায় রকেট,রকেট এ বিদ্যুৎ বিল দেবো কিভাবে,pay_bill_electricity,rocket,Barishal
কারেন্টের বিল পরিশোধ বিকাশ,বিকাশ এ বিদ্যুৎ বিল দেবো কিভাবে,pay_bill_electricity,bkash,Barishal
কারেন্টের বিল পরিশোধ নগদ,নগদ এ বিদ্যুৎ বিল দেবো কিভাবে,pay_bill_electricity,nagad,Barishal
কারেন্টের বিল পরিশোধ রকেট,রকেট এ বিদ্যুৎ বিল দেবো কিভাবে,pay_bill_electricity,rocket,Barishal
বিকাশ দি কারেন্ট বিল দেওন লাগব,বিকাশ এ বিদ্যুৎ বিল দেবো কিভাবে,pay_bill_electricity,bkash,Mymensingh
নগদ দি কারেন্ট বিল দেওন লাগব,নগদ এ বিদ্যুৎ বিল দেবো কিভাবে,pay_bill_electricity,nagad,Mymensingh
রকেট দি কারেন্ট বিল দেওন লাগব,রকেট এ বিদ্যুৎ বিল দেবো কিভাবে,pay_bill_electricity,rocket,Mymensingh
বিদ্যুৎ বিল দিমু বিকাশ,বিকাশ এ বিদ্যুৎ বিল দেবো কিভাবে,pay_bill_electricity,bkash,Mymensingh
বিদ্যুৎ বিল দিমু নগদ,নগদ এ বিদ্যুৎ বিল দেবো কিভাবে,pay_bill_electricity,nagad,Mymensingh
বিদ্যুৎ বিল দিমু রকেট,রকেট এ বিদ্যুৎ বিল দেবো কিভাবে,pay_bill_electricity,rocket,Mymensingh
কারেন্টের বিল দেওয়া বিকাশ,বিকাশ এ বিদ্যুৎ বিল দেবো কিভাবে,pay_bill_electricity,bkash,Mymensingh
কারেন্টের বিল দেওয়া নগদ,নগদ এ বিদ্যুৎ বিল দেবো কিভাবে,pay_bill_electricity,nagad,Mymensingh
কারেন্টের বিল দেওয়া রকেট,রকেট এ বিদ্যুৎ বিল দেবো কিভাবে,pay_bill_electricity,rocket,Mymensingh
বিকাশ দিয়ে বিদ্যুৎ বিল দেবো কিভাবে,বিকাশ এ বিদ্যুৎ বিল দেবো কিভাবে,pay_bill_electricity,bkash,Standard
নগদ দিয়ে বিদ্যুৎ বিল দেবো কিভাবে,নগদ এ বিদ্যুৎ বিল দেবো কিভাবে,pay_bill_electricity,nagad,Standard
রকেট দিয়ে বিদ্যুৎ বিল দেবো কিভাবে,রকেট এ বিদ্যুৎ বিল দেবো কিভাবে,pay_bill_electricity,rocket,Standard
বিকাশ এ কারেন্ট বিল দেওয়ার নিয়ম,বিকাশ এ বিদ্যুৎ বিল দেবো কিভাবে,pay_bill_electricity,bkash,Standard
নগদ এ কারেন্ট বিল দেওয়ার নিয়ম,নগদ এ বিদ্যুৎ বিল দেবো কিভাবে,pay_bill_electricity,nagad,Standard
রকেট এ কারেন্ট বিল দেওয়ার নিয়ম,রকেট এ বিদ্যুৎ বিল দেবো কিভাবে,pay_bill_electricity,rocket,Standard
বিদ্যুৎ বিল পরিশোধ বিকাশ,বিকাশ এ বিদ্যুৎ বিল দেবো কিভাবে,pay_bill_electricity,bkash,Standard
বিদ্যুৎ বিল পরিশোধ নগদ,নগদ এ বিদ্যুৎ বিল দেবো কিভাবে,pay_bill_electricity,nagad,Standard
বিদ্যুৎ বিল পরিশোধ রকেট,রকেট এ বিদ্যুৎ বিল দেবো কিভাবে,pay_bill_electricity,rocket,Standard
বিকাশ দি পানির বিল দিতাম খিলান,বিকাশ এ পানির বিল দেবো কিভাবে,pay_bill_water,bkash,Sylhet
নগদ দি পানির বিল দিতাম খিলান,নগদ এ পানির বিল দেবো কিভাবে,pay_bill_water,nagad,Sylhet
রকেট দি পানির বিল দিতাম খিলান,রকেট এ পানির বিল দেবো কিভাবে,pay_bill_water,rocket,Sylhet
ওয়াসা বিল দিমু বিকাশ দিয়া,বিকাশ এ পানির বিল দেবো কিভাবে,pay_bill_water,bkash,Sylhet
ওয়াসা বিল দিমু নগদ দিয়া,নগদ এ পানির বিল দেবো কিভাবে,pay_bill_water,nagad,Sylhet
ওয়াসা বিল দিমু রকেট দিয়া,রকেট এ পানির বিল দেবো কিভাবে,pay_bill_water,rocket,Sylhet
পানির বিল দেওন বিকাশ,বিকাশ এ পানির বিল দেবো কিভাবে,pay_bill_water,bkash,Sylhet
পানির বিল দেওন নগদ,নগদ এ পানির বিল দেবো কিভাবে,pay_bill_water,nagad,Sylhet
পানির বিল দেওন রকেট,রকেট এ পানির বিল দেবো কিভাবে,pay_bill_water,rocket,Sylhet
বিকাশ ত পানির বিল ফাড়াইয়ুম কেনে,বিকাশ এ পানির বিল দেবো কিভাবে,pay_bill_water,bkash,Chittagong
নগদ ত পানির বিল ফাড়াইয়ুম কেনে,নগদ এ পানির বিল দেবো কিভাবে,pay_bill_water,nagad,Chittagong
রকেট ত পানির বিল ফাড়াইয়ুম কেনে,রকেট এ পানির বিল দেবো কিভাবে,pay_bill_water,rocket,Chittagong
ওয়াসা বিল দিমু বিকাশ অত্তুন,বিকাশ এ পানির বিল দেবো কিভাবে,pay_bill_water,bkash,Chittagong
ওয়াসা বিল দিমু নগদ অত্তুন,নগদ এ পানির বিল দেবো কিভাবে,pay_bill_water,nagad,Chittagong
ওয়াসা বিল দিমু রকেট অত্তুন,রকেট এ পানির বিল দেবো কিভাবে,pay_bill_water,rocket,Chittagong
পানির বিল ভরুম বিকাশ,বিকাশ এ পানির বিল দেবো কিভাবে,pay_bill_water,bkash,Chittagong
পানির বিল ভরুম নগদ,নগদ এ পানির বিল দেবো কিভাবে,pay_bill_water,nagad,Chittagong
পানির বিল ভরুম রকেট,রকেট এ পানির বিল দেবো কিভাবে,pay_bill_water,rocket,Chittagong
বিকাশ দি পানির বিল দিমু ক্যানভে,বিকাশ এ পানির বিল দেবো কিভাবে,pay_bill_water,bkash,Noakhali
নগদ দি পানির বিল দিমু ক্যানভে,নগদ এ পানির বিল দেবো কিভাবে,pay_bill_water,nagad,Noakhali
রকেট দি পানির বিল দিমু ক্যানভে,রকেট এ পানির বিল দেবো কিভাবে,pay_bill_water,rocket,Noakhali
ওয়াসা বিল হাড়ামু বিকাশ,বিকাশ এ পানির বিল দেবো কিভাবে,pay_bill_water,bkash,Noakhali
ওয়াসা বিল হাড়ামু নগদ,নগদ এ পানির বিল দেবো কিভাবে,pay_bill_water,nagad,Noakhali
ওয়াসা বিল হাড়ামু রকেট,রকেট এ পানির বিল দেবো কিভাবে,pay_bill_water,rocket,Noakhali
পানির বিল দেওনের নিয়ম বিকাশ,বিকাশ এ পানির বিল দেবো কিভাবে,pay_bill_water,bkash,Noakhali
পানির বিল দেওনের নিয়ম নগদ,নগদ এ পানির বিল দেবো কিভাবে,pay_bill_water,nagad,Noakhali
পানির বিল দেওনের নিয়ম রকেট,রকেট এ পানির বিল দেবো কিভাবে,pay_bill_water,rocket,Noakhali
বিকাশ দিয়া পানির বিল দিমু কেমনে,বিকাশ এ পানির বিল দেবো কিভাবে,pay_bill_water,bkash,Barishal
নগদ দিয়া পানির বিল দিমু কেমনে,নগদ এ পানির বিল দেবো কিভাবে,pay_bill_water,nagad,Barishal
রকেট দিয়া পানির বিল দিমু কেমনে,রকেট এ পানির বিল দেবো কিভাবে,pay_bill_water,rocket,Barishal
ওয়াসা বিল দেওনের উপায় বিকাশ,বিকাশ এ পানির বিল দেবো কিভাবে,pay_bill_water,bkash,Barishal
ওয়াসা বিল দেওনের উপায় নগদ,নগদ এ পানির বিল দেবো কিভাবে,pay_bill_water,nagad,Barishal
ওয়াসা বিল দেওনের উপায় রকেট,রকেট এ পানির বিল দেবো কিভাবে,pay_bill_water,rocket,Barishal
পানির বিল পরিশোধ বিকাশ,বিকাশ এ পানির বিল দেবো কিভাবে,pay_bill_water,bkash,Barishal
পানির বিল পরিশোধ নগদ,নগদ এ পানির বিল দেবো কিভাবে,pay_bill_water,nagad,Barishal
পানির বিল পরিশোধ রকেট,রকেট এ পানির বিল দেবো কিভাবে,pay_bill_water,rocket,Barishal
বিকাশ দি পানির বিল দেওন লাগব,বিকাশ এ পানির বিল দেবো কিভাবে,pay_bill_water,bkash,Mymensingh
নগদ দি পানির বিল দেওন লাগব,নগদ এ পানির বিল দেবো কিভাবে,pay_bill_water,nagad,Mymensingh
রকেট দি পানির বিল দেওন লাগব,রকেট এ পানির বিল দেবো কিভাবে,pay_bill_water,rocket,Mymensingh
ওয়াসা বিল দিমু বিকাশ,বিকাশ এ পানির বিল দেবো কিভাবে,pay_bill_water,bkash,Mymensingh
ওয়াসা বিল দিমু নগদ,নগদ এ পানির বিল দেবো কিভাবে,pay_bill_water,nagad,Mymensingh
ওয়াসা বিল দিমু রকেট,রকেট এ পানির বিল দেবো কিভাবে,pay_bill_water,rocket,Mymensingh
পানির বিল দেওয়া বিকাশ,বিকাশ এ পানির বিল দেবো কিভাবে,pay_bill_water,bkash,Mymensingh
পানির বিল দেওয়া নগদ,নগদ এ পানির বিল দেবো কিভাবে,pay_bill_water,nagad,Mymensingh
পানির বিল দেওয়া রকেট,রকেট এ পানির বিল দেবো কিভাবে,pay_bill_water,rocket,Mymensingh
বিকাশ দিয়ে পানির বিল দেবো কিভাবে,বিকাশ এ পানির বিল দেবো কিভাবে,pay_bill_water,bkash,Standard
নগদ দিয়ে পানির বিল দেবো কিভাবে,নগদ এ পানির বিল দেবো কিভাবে,pay_bill_water,nagad,Standard
রকেট দিয়ে পানির বিল দেবো কিভাবে,রকেট এ পানির বিল দেবো কিভাবে,pay_bill_water,rocket,Standard
বিকাশ এ ওয়াসা বিল দেওয়ার নিয়ম,বিকাশ এ পানির বিল দেবো কিভাবে,pay_bill_water,bkash,Standard
নগদ এ ওয়াসা বিল দেওয়ার নিয়ম,নগদ এ পানির বিল দেবো কিভাবে,pay_bill_water,nagad,Standard
রকেট এ ওয়াসা বিল দেওয়ার নিয়ম,রকেট এ পানির বিল দেবো কিভাবে,pay_bill_water,rocket,Standard
পানির বিল পরিশোধ বিকাশ,বিকাশ এ পানির বিল দেবো কিভাবে,pay_bill_water,bkash,Standard
পানির বিল পরিশোধ নগদ,নগদ এ পানির বিল দেবো কিভাবে,pay_bill_water,nagad,Standard
পানির বিল পরিশোধ রকেট,রকেট এ পানির বিল দেবো কিভাবে,pay_bill_water,rocket,Standard
বিকাশ দি ওয়াইফাই বিল দিতাম খিলান,বিকাশ এ ইন্টারনেট বিল দেবো কিভাবে,pay_bill_internet,bkash,Sylhet
নগদ দি ওয়াইফাই বিল দিতাম খিলান,নগদ এ ইন্টারনেট বিল দেবো কিভাবে,pay_bill_internet,nagad,Sylhet
রকেট দি ওয়াইফাই বিল দিতাম খিলান,রকেট এ ইন্টারনেট বিল দেবো কিভাবে,pay_bill_internet,rocket,Sylhet
নেটের বিল দিমু বিকাশ দিয়া,বিকাশ এ ইন্টারনেট বিল দেবো কিভাবে,pay_bill_internet,bkash,Sylhet
নেটের বিল দিমু নগদ দিয়া,নগদ এ ইন্টারনেট বিল দেবো কিভাবে,pay_bill_internet,nagad,Sylhet
নেটের বিল দিমু রকেট দিয়া,রকেট এ ইন্টারনেট বিল দেবো কিভাবে,pay_bill_internet,rocket,Sylhet
ইন্টারনেট বিল দেওন বিকাশ,বিকাশ এ ইন্টারনেট বিল দেবো কিভাবে,pay_bill_internet,bkash,Sylhet
ইন্টারনেট বিল দেওন নগদ,নগদ এ ইন্টারনেট বিল দেবো কিভাবে,pay_bill_internet,nagad,Sylhet
ইন্টারনেট বিল দেওন রকেট,রকেট এ ইন্টারনেট বিল দেবো কিভাবে,pay_bill_internet,rocket,Sylhet
বিকাশ ত ওয়াইফাই বিল ফাড়াইয়ুম কেনে,বিকাশ এ ইন্টারনেট বিল দেবো কিভাবে,pay_bill_internet,bkash,Chittagong
নগদ ত ওয়াইফাই বিল ফাড়াইয়ুম কেনে,নগদ এ ইন্টারনেট বিল দেবো কিভাবে,pay_bill_internet,nagad,Chittagong
রকেট ত ওয়াইফাই বিল ফাড়াইয়ুম কেনে,রকেট এ ইন্টারনেট বিল দেবো কিভাবে,pay_bill_internet,rocket,Chittagong
নেটের বিল দিমু বিকাশ অত্তুন,বিকাশ এ ইন্টারনেট বিল দেবো কিভাবে,pay_bill_internet,bkash,Chittagong
নেটের বিল দিমু নগদ অত্তুন,নগদ এ ইন্টারনেট বিল দেবো কিভাবে,pay_bill_internet,nagad,Chittagong
নেটের বিল দিমু রকেট অত্তুন,রকেট এ ইন্টারনেট বিল দেবো কিভাবে,pay_bill_internet,rocket,Chittagong
ইন্টারনেট বিল ভরুম বিকাশ,বিকাশ এ ইন্টারনেট বিল দেবো কিভাবে,pay_bill_internet,bkash,Chittagong
ইন্টারনেট বিল ভরুম নগদ,নগদ এ ইন্টারনেট বিল দেবো কিভাবে,pay_bill_internet,nagad,Chittagong
ইন্টারনেট বিল ভরুম রকেট,রকেট এ ইন্টারনেট বিল দেবো কিভাবে,pay_bill_internet,rocket,Chittagong
বিকাশ দি নেটের বিল দিমু ক্যানভে,বিকাশ এ ইন্টারনেট বিল দেবো কিভাবে,pay_bill_internet,bkash,Noakhali
নগদ দি নেটের বিল দিমু ক্যানভে,নগদ এ ইন্টারনেট বিল দেবো কিভাবে,pay_bill_internet,nagad,Noakhali
রকেট দি নেটের বিল দিমু ক্যানভে,রকেট এ ইন্টারনেট বিল দেবো কিভাবে,pay_bill_internet,rocket,Noakhali
ওয়াইফাই বিল হাড়ামু বিকাশ,বিকাশ এ ইন্টারনেট বিল দেবো কিভাবে,pay_bill_internet,bkash,Noakhali
ওয়াইফাই বিল হাড়ামু নগদ,নগদ এ ইন্টারনেট বিল দেবো কিভাবে,pay_bill_internet,nagad,Noakhali
ওয়াইফাই বিল হাড়ামু রকেট,রকেট এ ইন্টারনেট বিল দেবো কিভাবে,pay_bill_internet,rocket,Noakhali
ইন্টারনেট বিল দেওনের নিয়ম বিকাশ,বিকাশ এ ইন্টারনেট বিল দেবো কিভাবে,pay_bill_internet,bkash,Noakhali
ইন্টারনেট বিল দেওনের নিয়ম নগদ,নগদ এ ইন্টারনেট বিল দেবো কিভাবে,pay_bill_internet,nagad,Noakhali
ইন্টারনেট বিল দেওনের নিয়ম রকেট,রকেট এ ইন্টারনেট বিল দেবো কিভাবে,pay_bill_internet,rocket,Noakhali
বিকাশ দিয়া ওয়াইফাই বিল দিমু কেমনে,বিকাশ এ ইন্টারনেট বিল দেবো কিভাবে,pay_bill_internet,bkash,Barishal
নগদ দিয়া ওয়াইফাই বিল দিমু কেমনে,নগদ এ ইন্টারনেট বিল দেবো কিভাবে,pay_bill_internet,nagad,Barishal
রকেট দিয়া ওয়াইফাই বিল দিমু কেমনে,রকেট এ ইন্টারনেট বিল দেবো কিভাবে,pay_bill_internet,rocket,Barishal
নেটের বিল দেওনের উপায় বিকাশ,বিকাশ এ ইন্টারনেট বিল দেবো কিভাবে,pay_bill_internet,bkash,Barishal
নেটের বিল দেওনের উপায় নগদ,নগদ এ ইন্টারনেট বিল দেবো কিভাবে,pay_bill_internet,nagad,Barishal
নেটের বিল দেওনের উপায় রকেট,রকেট এ ইন্টারনেট বিল দেবো কিভাবে,pay_bill_internet,rocket,Barishal
ইন্টারনেট বিল পরিশোধ বিকাশ,বিকাশ এ ইন্টারনেট বিল দেবো কিভাবে,pay_bill_internet,bkash,Barishal
ইন্টারনেট বিল পরিশোধ নগদ,নগদ এ ইন্টারনেট বিল দেবো কিভাবে,pay_bill_internet,nagad,Barishal
ইন্টারনেট বিল পরিশোধ রকেট,রকেট এ ইন্টারনেট বিল দেবো কিভাবে,pay_bill_internet,rocket,Barishal
বিকাশ দি ওয়াইফাই বিল দেওন লাগব,বিকাশ এ ইন্টারনেট বিল দেবো কিভাবে,pay_bill_internet,bkash,Mymensingh
নগদ দি ওয়াইফাই বিল দেওন লাগব,নগদ এ ইন্টারনেট বিল দেবো কিভাবে,pay_bill_internet,nagad,Mymensingh
রকেট দি ওয়াইফাই বিল দেওন লাগব,রকেট এ ইন্টারনেট বিল দেবো কিভাবে,pay_bill_internet,rocket,Mymensingh
নেটের বিল দিমু বিকাশ,বিকাশ এ ইন্টারনেট বিল দেবো কিভাবে,pay_bill_internet,bkash,Mymensingh
নেটের বিল দিমু নগদ,নগদ এ ইন্টারনেট বিল দেবো কিভাবে,pay_bill_internet,nagad,Mymensingh
নেটের বিল দিমু রকেট,রকেট এ ইন্টারনেট বিল দেবো কিভাবে,pay_bill_internet,rocket,Mymensingh
ইন্টারনেট বিল দেওয়া বিকাশ,বিকাশ এ ইন্টারনেট বিল দেবো কিভাবে,pay_bill_internet,bkash,Mymensingh
ইন্টারনেট বিল দেওয়া নগদ,নগদ এ ইন্টারনেট বিল দেবো কিভাবে,pay_bill_internet,nagad,Mymensingh
ইন্টারনেট বিল দেওয়া রকেট,রকেট এ ইন্টারনেট বিল দেবো কিভাবে,pay_bill_internet,rocket,Mymensingh
বিকাশ দিয়ে ওয়াইফাই বিল দেবো কিভাবে,বিকাশ এ ইন্টারনেট বিল দেবো কিভাবে,pay_bill_internet,bkash,Standard
নগদ দিয়ে ওয়াইফাই বিল দেবো কিভাবে,নগদ এ ইন্টারনেট বিল দেবো কিভাবে,pay_bill_internet,nagad,Standard
রকেট দিয়ে ওয়াইফাই বিল দেবো কিভাবে,রকেট এ ইন্টারনেট বিল দেবো কিভাবে,pay_bill_internet,rocket,Standard
বিকাশ এ ইন্টারনেট বিল দেওয়ার নিয়ম,বিকাশ এ ইন্টারনেট বিল দেবো কিভাবে,pay_bill_internet,bkash,Standard
নগদ এ ইন্টারনেট বিল দেওয়ার নিয়ম,নগদ এ ইন্টারনেট বিল দেবো কিভাবে,pay_bill_internet,nagad,Standard
রকেট এ ইন্টারনেট বিল দেওয়ার নিয়ম,রকেট এ ইন্টারনেট বিল দেবো কিভাবে,pay_bill_internet,rocket,Standard
ওয়াইফাই বিল পরিশোধ বিকাশ,বিকাশ এ ইন্টারনেট বিল দেবো কিভাবে,pay_bill_internet,bkash,Standard
ওয়াইফাই বিল পরিশোধ নগদ,নগদ এ ইন্টারনেট বিল দেবো কিভাবে,pay_bill_internet,nagad,Standard
ওয়াইফাই বিল পরিশোধ রকেট,রকেট এ ইন্টারনেট বিল দেবো কিভাবে,pay_bill_internet,rocket,Standard
বিকাশ দি দোকানে টেহা দিতাম খিলান,বিকাশ এ দোকানে পেমেন্ট করবো কিভাবে,merchant_payment,bkash,Sylhet
নগদ দি দোকানে টেহা দিতাম খিলান,নগদ এ দোকানে পেমেন্ট করবো কিভাবে,merchant_payment,nagad,Sylhet
রকেট দি দোকানে টেহা দিতাম খিলান,রকেট এ দোকানে পেমেন্ট করবো কিভাবে,merchant_payment,rocket,Sylhet
মার্চেন্ট পেমেন্ট মারমু বিকাশ,বিকাশ এ দোকানে পেমেন্ট করবো কিভাবে,merchant_payment,bkash,Sylhet
মার্চেন্ট পেমেন্ট মারমু নগদ,নগদ এ দোকানে পেমেন্ট করবো কিভাবে,merchant_payment,nagad,Sylhet
মার্চেন্ট পেমেন্ট মারমু রকেট,রকেট এ দোকানে পেমেন্ট করবো কিভাবে,merchant_payment,rocket,Sylhet
দোকানের কিউআর পেমেন্ট বিকাশ,বিকাশ এ দোকানে পেমেন্ট করবো কিভাবে,merchant_payment,bkash,Sylhet
দোকানের কিউআর পেমেন্ট নগদ,নগদ এ দোকানে পেমেন্ট করবো কিভাবে,merchant_payment,nagad,Sylhet
দোকানের কিউআর পেমেন্ট রকেট,রকেট এ দোকানে পেমেন্ট করবো কিভাবে,merchant_payment,rocket,Sylhet
বিকাশ ত দোকানে পেমেন্ট ফাড়াইয়ুম কেনে,বিকাশ এ দোকানে পেমেন্ট করবো কিভাবে,merchant_payment,bkash,Chittagong
নগদ ত দোকানে পেমেন্ট ফাড়াইয়ুম কেনে,নগদ এ দোকানে পেমেন্ট করবো কিভাবে,merchant_payment,nagad,Chittagong
রকেট ত দোকানে পেমেন্ট ফাড়াইয়ুম কেনে,রকেট এ দোকানে পেমেন্ট করবো কিভাবে,merchant_payment,rocket,Chittagong
দোকানত পেমেন্ট গইত্তাম বিকাশ,বিকাশ এ দোকানে পেমেন্ট করবো কিভাবে,merchant_payment,bkash,Chittagong
দোকানত পেমেন্ট গইত্তাম নগদ,নগদ এ দোকানে পেমেন্ট করবো কিভাবে,merchant_payment,nagad,Chittagong
দোকানত পেমেন্ট গইত্তাম রকেট,রকেট এ দোকানে পেমেন্ট করবো কিভাবে,merchant_payment,rocket,Chittagong
কিউআর কোড পেমেন্ট বিকাশ,বিকাশ এ দোকানে পেমেন্ট করবো কিভাবে,merchant_payment,bkash,Chittagong
কিউআর কোড পেমেন্ট নগদ,নগদ এ দোকানে পেমেন্ট করবো কিভাবে,merchant_payment,nagad,Chittagong
কিউআর কোড পেমেন্ট রকেট,রকেট এ দোকানে পেমেন্ট করবো কিভাবে,merchant_payment,rocket,Chittagong
বিকাশ দি দোকানে পেমেন্ট দিমু ক্যানভে,বিকাশ এ দোকানে পেমেন্ট করবো কিভাবে,merchant_payment,bkash,Noakhali
নগদ দি দোকানে পেমেন্ট দিমু ক্যানভে,নগদ এ দোকানে পেমেন্ট করবো কিভাবে,merchant_payment,nagad,Noakhali
রকেট দি দোকানে পেমেন্ট দিমু ক্যানভে,রকেট এ দোকানে পেমেন্ট করবো কিভাবে,merchant_payment,rocket,Noakhali
দোকানে টেয়া পেমেন্ট বিকাশ,বিকাশ এ দোকানে পেমেন্ট করবো কিভাবে,merchant_payment,bkash,Noakhali
দোকানে টেয়া পেমেন্ট নগদ,নগদ এ দোকানে পেমেন্ট করবো কিভাবে,merchant_payment,nagad,Noakhali
দোকানে টেয়া পেমেন্ট রকেট,রকেট এ দোকানে পেমেন্ট করবো কিভাবে,merchant_payment,rocket,Noakhali
মার্চেন্ট পেমেন্ট হাড়ামু বিকাশ,বিকাশ এ দোকানে পেমেন্ট করবো কিভাবে,merchant_payment,bkash,Noakhali
মার্চেন্ট পেমেন্ট হাড়ামু নগদ,নগদ এ দোকানে পেমেন্ট করবো কিভাবে,merchant_payment,nagad,Noakhali
মার্চেন্ট পেমেন্ট হাড়ামু রকেট,রকেট এ দোকানে পেমেন্ট করবো কিভাবে,merchant_payment,rocket,Noakhali
বিকাশ দিয়া দোকানে টেহা দিমু কেমনে,বিকাশ এ দোকানে পেমেন্ট করবো কিভাবে,merchant_payment,bkash,Barishal
নগদ দিয়া দোকানে টেহা দিমু কেমনে,নগদ এ দোকানে পেমেন্ট করবো কিভাবে,merchant_payment,nagad,Barishal
রকেট দিয়া দোকানে টেহা দিমু কেমনে,রকেট এ দোকানে পেমেন্ট করবো কিভাবে,merchant_payment,rocket,Barishal
দোকান পেমেন্ট করুম বিকাশ,বিকাশ এ দোকানে পেমেন্ট করবো কিভাবে,merchant_payment,bkash,Barishal
দোকান পেমেন্ট করুম নগদ,নগদ এ দোকানে পেমেন্ট করবো কিভাবে,merchant_payment,nagad,Barishal
দোকান পেমেন্ট করুম রকেট,রকেট এ দোকানে পেমেন্ট করবো কিভাবে,merchant_payment,rocket,Barishal
স্ক্যান কইরা পেমেন্ট বিকাশ,বিকাশ এ দোকানে পেমেন্ট করবো কিভাবে,merchant_payment,bkash,Barishal
স্ক্যান কইরা পেমেন্ট নগদ,নগদ এ দোকানে পেমেন্ট করবো কিভাবে,merchant_payment,nagad,Barishal
স্ক্যান কইরা পেমেন্ট রকেট,রকেট এ দোকানে পেমেন্ট করবো কিভাবে,merchant_payment,rocket,Barishal
বিকাশ দি দোকানে পেমেন্ট দেওন লাগব,বিকাশ এ দোকানে পেমেন্ট করবো কিভাবে,merchant_payment,bkash,Mymensingh
নগদ দি দোকানে পেমেন্ট দেওন লাগব,নগদ এ দোকানে পেমেন্ট করবো কিভাবে,merchant_payment,nagad,Mymensingh
রকেট দি দোকানে পেমেন্ট দেওন লাগব,রকেট এ দোকানে পেমেন্ট করবো কিভাবে,merchant_payment,rocket,Mymensingh
দোকানে টেহা দেওনের নিয়ম বিকাশ,বিকাশ এ দোকানে পেমেন্ট করবো কিভাবে,merchant_payment,bkash,Mymensingh
দোকানে টেহা দেওনের নিয়ম নগদ,নগদ এ দোকানে পেমেন্ট করবো কিভাবে,merchant_payment,nagad,Mymensingh
দোকানে টেহা দেওনের নিয়ম রকেট,রকেট এ দোকানে পেমেন্ট করবো কিভাবে,merchant_payment,rocket,Mymensingh
মার্চেন্ট পেমেন্ট দেওন বিকাশ,বিকাশ এ দোকানে পেমেন্ট করবো কিভাবে,merchant_payment,bkash,Mymensingh
মার্চেন্ট পেমেন্ট দেওন নগদ,নগদ এ দোকানে পেমেন্ট করবো কিভাবে,merchant_payment,nagad,Mymensingh
মার্চেন্ট পেমেন্ট দেওন রকেট,রকেট এ দোকানে পেমেন্ট করবো কিভাবে,merchant_payment,rocket,Mymensingh
বিকাশ দিয়ে দোকানে পেমেন্ট করবো কিভাবে,বিকাশ এ দোকানে পেমেন্ট করবো কিভাবে,merchant_payment,bkash,Standard
নগদ দিয়ে দোকানে পেমেন্ট করবো কিভাবে,নগদ এ দোকানে পেমেন্ট করবো কিভাবে,merchant_payment,nagad,Standard
রকেট দিয়ে দোকানে পেমেন্ট করবো কিভাবে,রকেট এ দোকানে পেমেন্ট করবো কিভাবে,merchant_payment,rocket,Standard
বিকাশ মার্চেন্ট পেমেন্ট করার নিয়ম,বিকাশ এ দোকানে পেমেন্ট করবো কিভাবে,merchant_payment,bkash,Standard
নগদ মার্চেন্ট পেমেন্ট করার নিয়ম,নগদ এ দোকানে পেমেন্ট করবো কিভাবে,merchant_payment,nagad,Standard
রকেট মার্চেন্ট পেমেন্ট করার নিয়ম,রকেট এ দোকানে পেমেন্ট করবো কিভাবে,merchant_payment,rocket,Standard
কিউআর স্ক্যান করে পেমেন্ট বিকাশ,বিকাশ এ দোকানে পেমেন্ট করবো কিভাবে,merchant_payment,bkash,Standard
কিউআর স্ক্যান করে পেমেন্ট নগদ,নগদ এ দোকানে পেমেন্ট করবো কিভাবে,merchant_payment,nagad,Standard
কিউআর স্ক্যান করে পেমেন্ট রকেট,রকেট এ দোকানে পেমেন্ট করবো কিভাবে,merchant_payment,rocket,Standard
বিকাশ পিন নাম্বার বদলাইতাম খিলান,বিকাশ এ পিন পরিবর্তন করবো কিভাবে,pin_change,bkash,Sylhet
নগদ পিন নাম্বার বদলাইতাম খিলান,নগদ এ পিন পরিবর্তন করবো কিভাবে,pin_change,nagad,Sylhet
রকেট পিন নাম্বার বদলাইতাম খিলান,রকেট এ পিন পরিবর্তন করবো কিভাবে,pin_change,rocket,Sylhet
পিন চেঞ্জ মারমু বিকাশ এ,বিকাশ এ পিন পরিবর্তন করবো কিভাবে,pin_change,bkash,Sylhet
পিন চেঞ্জ মারমু নগদ এ,নগদ এ পিন পরিবর্তন করবো কিভাবে,pin_change,nagad,Sylhet
পিন চেঞ্জ মারমু রকেট এ,রকেট এ পিন পরিবর্তন করবো কিভাবে,pin_change,rocket,Sylhet
নতুন পিন দিতাম বিকাশ,বিকাশ এ পিন পরিবর্তন করবো কিভাবে,pin_change,bkash,Sylhet
নতুন পিন দিতাম নগদ,নগদ এ পিন পরিবর্তন করবো কিভাবে,pin_change,nagad,Sylhet
নতুন পিন দিতাম রকেট,রকেট এ পিন পরিবর্তন করবো কিভাবে,pin_change,rocket,Sylhet
বিকাশ পিন নম্বর বদলাইয়ুম কেনে,বিকাশ এ পিন পরিবর্তন করবো কিভাবে,pin_change,bkash,Chittagong
নগদ পিন নম্বর বদলাইয়ুম কেনে,নগদ এ পিন পরিবর্তন করবো কিভাবে,pin_change,nagad,Chittagong
রকেট পিন নম্বর বদলাইয়ুম কেনে,রকেট এ পিন পরিবর্তন করবো কিভাবে,pin_change,rocket,Chittagong
পিন চেঞ্জ গইত্তাম বিকাশ,বিকাশ এ পিন পরিবর্তন করবো কিভাবে,pin_change,bkash,Chittagong
পিন চেঞ্জ গইত্তাম নগদ,নগদ এ পিন পরিবর্তন করবো কিভাবে,pin_change,nagad,Chittagong
পিন চেঞ্জ গইত্তাম রকেট,রকেট এ পিন পরিবর্তন করবো কিভাবে,pin_change,rocket,Chittagong
নতুন পিন সেট গইত্তাম বিকাশ,বিকাশ এ পিন পরিবর্তন করবো কিভাবে,pin_change,bkash,Chittagong
নতুন পিন সেট গইত্তাম নগদ,নগদ এ পিন পরিবর্তন করবো কিভাবে,pin_change,nagad,Chittagong
নতুন পিন সেট গইত্তাম রকেট,রকেট এ পিন পরিবর্তন করবো কিভাবে,pin_change,rocket,Chittagong
বিকাশ পিন নম্বর বদলাইয়ামু ক্যানভে,বিকাশ এ পিন পরিবর্তন করবো কিভাবে,pin_change,bkash,Noakhali
নগদ পিন নম্বর বদলাইয়ামু ক্যানভে,নগদ এ পিন পরিবর্তন করবো কিভাবে,pin_change,nagad,Noakhali
রকেট পিন নম্বর বদলাইয়ামু ক্যানভে,রকেট এ পিন পরিবর্তন করবো কিভাবে,pin_change,rocket,Noakhali
পিন চেঞ্জ করনের উপায় বিকাশ,বিকাশ এ পিন পরিবর্তন করবো কিভাবে,pin_change,bkash,Noakhali
পিন চেঞ্জ করনের উপায় নগদ,নগদ এ পিন পরিবর্তন করবো কিভাবে,pin_change,nagad,Noakhali
পিন চেঞ্জ করনের উপায় রকেট,রকেট এ পিন পরিবর্তন করবো কিভাবে,pin_change,rocket,Noakhali
নতুন পিন দিমু বিকাশ,বিকাশ এ পিন পরিবর্তন করবো কিভাবে,pin_change,bkash,Noakhali
নতুন পিন দিমু নগদ,নগদ এ পিন পরিবর্তন করবো কিভাবে,pin_change,nagad,Noakhali
নতুন পিন দিমু রকেট,রকেট এ পিন পরিবর্তন করবো কিভাবে,pin_change,rocket,Noakhali
বিকাশ পিন নম্বর বদলামু কেমনে,বিকাশ এ পিন পরিবর্তন করবো কিভাবে,pin_change,bkash,Barishal
নগদ পিন নম্বর বদলামু কেমনে,নগদ এ পিন পরিবর্তন করবো কিভাবে,pin_change,nagad,Barishal
রকেট পিন নম্বর বদলামু কেমনে,রকেট এ পিন পরিবর্তন করবো কিভাবে,pin_change,rocket,Barishal
পিন পিন পাল্টামু বিকাশ এ,বিকাশ এ পিন পরিবর্তন করবো কিভাবে,pin_change,bkash,Barishal
পিন পিন পাল্টামু নগদ এ,নগদ এ পিন পরিবর্তন করবো কিভাবে,pin_change,nagad,Barishal
পিন পিন পাল্টামু রকেট এ,রকেট এ পিন পরিবর্তন করবো কিভাবে,pin_change,rocket,Barishal
নতুন পিন দেকমু বিকাশ,বিকাশ এ পিন পরিবর্তন করবো কিভাবে,pin_change,bkash,Barishal
নতুন পিন দেকমু নগদ,নগদ এ পিন পরিবর্তন করবো কিভাবে,pin_change,nagad,Barishal
নতুন পিন দেকমু রকেট,রকেট এ পিন পরিবর্তন করবো কিভাবে,pin_change,rocket,Barishal
বিকাশ পিন নম্বর বদলান লাগব,বিকাশ এ পিন পরিবর্তন করবো কিভাবে,pin_change,bkash,Mymensingh
নগদ পিন নম্বর বদলান লাগব,নগদ এ পিন পরিবর্তন করবো কিভাবে,pin_change,nagad,Mymensingh
রকেট পিন নম্বর বদলান লাগব,রকেট এ পিন পরিবর্তন করবো কিভাবে,pin_change,rocket,Mymensingh
পিন পাল্টানের নিয়ম বিকাশ,বিকাশ এ পিন পরিবর্তন করবো কিভাবে,pin_change,bkash,Mymensingh
পিন পাল্টানের নিয়ম নগদ,নগদ এ পিন পরিবর্তন করবো কিভাবে,pin_change,nagad,Mymensingh
পিন পাল্টানের নিয়ম রকেট,রকেট এ পিন পরিবর্তন করবো কিভাবে,pin_change,rocket,Mymensingh
নতুন পিন সেট করুম বিকাশ,বিকাশ এ পিন পরিবর্তন করবো কিভাবে,pin_change,bkash,Mymensingh
নতুন পিন সেট করুম নগদ,নগদ এ পিন পরিবর্তন করবো কিভাবে,pin_change,nagad,Mymensingh
নতুন পিন সেট করুম রকেট,রকেট এ পিন পরিবর্তন করবো কিভাবে,pin_change,rocket,Mymensingh
বিকাশ পিন নম্বর পরিবর্তন করবো কিভাবে,বিকাশ এ পিন পরিবর্তন করবো কিভাবে,pin_change,bkash,Standard
নগদ পিন নম্বর পরিবর্তন করবো কিভাবে,নগদ এ পিন পরিবর্তন করবো কিভাবে,pin_change,nagad,Standard
রকেট পিন নম্বর পরিবর্তন করবো কিভাবে,রকেট এ পিন পরিবর্তন করবো কিভাবে,pin_change,rocket,Standard
বিকাশ পিন চেঞ্জ করার নিয়ম,বিকাশ এ পিন পরিবর্তন করবো কিভাবে,pin_change,bkash,Standard
নগদ পিন চেঞ্জ করার নিয়ম,নগদ এ পিন পরিবর্তন করবো কিভাবে,pin_change,nagad,Standard
রকেট পিন চেঞ্জ করার নিয়ম,রকেট এ পিন পরিবর্তন করবো কিভাবে,pin_change,rocket,Standard
নতুন পিন সেট করার উপায় বিকাশ,বিকাশ এ পিন পরিবর্তন করবো কিভাবে,pin_change,bkash,Standard
নতুন পিন সেট করার উপায় নগদ,নগদ এ পিন পরিবর্তন করবো কিভাবে,pin_change,nagad,Standard
নতুন পিন সেট করার উপায় রকেট,রকেট এ পিন পরিবর্তন করবো কিভাবে,pin_change,rocket,Standard
