utterance,intent
বিকাস দিয়ে টেকা পাডাতে চামু,send_money_bkash
মেসেন্জার রিং দাও,call_messenger
ওয়াইফাই নেই,turn_on_wifi
বিকাসে রিচাজ করার বাটন কোথায়,recharge_mobile_bkash
হোয়াটসঅ্যাপ কাগজটা পাঠাও,send_file_whatsapp
বিকাসে টাকা পাঠাবো কিরাম জানো,send_money_bkash
ফটো কোথায় ফাটামু,send_photo_whatsapp
ইন্টারনেট কেন কাজ করছে না,turn_on_mobile_data
ডাটা চালু করো,turn_on_mobile_data
প্লে স্টোর কিরাম খুলি,download_app
নামবার add করো ফোন এ,save_contact
প্লে স্টোর এ এপ নেই,download_app
মেসেনজারে ফোন দিতাম চামু,call_messenger
মেসেনজার কল,call_messenger
হোয়াটসঅ্যাপ ফডু পাঠানো কি সম্ভব,send_photo_whatsapp
ওয়াইফাই কেমবে চালু,turn_on_wifi
কনটাক কেমবে বের করি,find_contact
বিকাসে রিসার্জ হয় খেমনে,recharge_mobile_bkash
ছবি কেমবে শেয়ার করে,send_photo_whatsapp
মেসেঞ্জার দিয়ে কথা বলবো,call_messenger
বিকাশ দিয়ে রিসার্জ কেমবে করে,recharge_mobile_bkash
ওয়াইফাই চালু করবো কীভাবে,turn_on_wifi
কল করো মেসেনজারে,call_messenger
পটো খেমতে শেয়ার করে,send_photo_whatsapp
মেসেঞ্জারে কল দিতে চাই,recharge_mobile_bkash
ফোনে ডাটা ,turn_on_mobile_data
কন্টাক্ট খেমনে খুঁজি,find_contact
বিকাসে টেকা পাটামু,send_money_bkash
লম্বর কোথায় থাকে ফোনে,find_contact
হোয়াটসঅ্যাপ ডকুমেন্ট শেয়ার করবো কীভাবে,send_file_whatsapp
ফটো পাঠাও হোয়াটসঅ্যাপে,send_photo_whatsapp
মেসেঞ্জারে কল দিতে চাই,call_messenger
কীভাবে অ্যাপ ইনস্টল করে,download_app
বিকাশে টাকা দিতে চাই,send_money_bkash
কাগজ কিরাম পাঠাই,send_file_whatsapp
মেসেঞ্জারে কেমনে ফোন করে,call_messenger
ডাউনলোট হইতেছে না কেন,download_app
ফোনে নেট,turn_on_mobile_data
কন্টাক্ট খুঁজতে চামু,find_contact
কারো নামবার পাচ্ছি না,find_contact
ডকুমেন্ট পাটামু হোয়াটসঅ্যাপে,send_file_whatsapp
ডকুমেন্ট ফাডামু ওয়াটসঅ্যাপে,send_file_whatsapp
নতুন নাম্বর রাখতে চাই,save_contact
রিসার্জ কোথায় দেমু,recharge_mobile_bkash
ফোনে নাম্বার রাখবো,save_contact
মোবাইলে নেট চাই,turn_on_mobile_data
হোয়াটসঅ্যাপ ছবি পাঠাও,send_photo_whatsapp
নতুন নামবার ফোনে রাখো,save_contact
টেকা পাঠাবো বিকাসে,send_money_bkash
ওয়াটসঅ্যাপে ছবি দেবো কীভাবে,send_photo_whatsapp
ডকুমেন্ট খেমনে ফাটাবো,send_file_whatsapp
টাকা গেলো না কেন বিকাশে,send_money_bkash
বিকাশ টেহা পাঠানো,send_money_bkash
কনটাক বানাও,save_contact
ফোনে নতুন অ্যাপ দরকার,download_app
হোয়াটসঅ্যাপে কাগজ দেওয়ার নিয়ম,send_file_whatsapp
বিগাসে টাকা পাঠানো হয় কীভাবে,send_money_bkash
হোয়াটসঅ্যাপ এ ছবি পাঠাতে চাই,send_photo_whatsapp
নতুন লম্বর যোগ করো,save_contact
নতুন নাম্বার রাখতে চামু,save_contact
বিকাশ দিয়ে রিচাজ কীভাবে করে,recharge_mobile_bkash
ওয়াইফাই অন করতে চামু,turn_on_wifi
কন্টাগ লিস্ট দেখাও,find_contact
ওয়াইফাই কানেক্ট করো,turn_on_wifi
ছবি দিতে চামু কাউকে,send_photo_whatsapp
নাম্বার সেভ করতে লাগে,save_contact
অ্যাপ নামানো শেখাও,download_app
টেহা ফাটাও বিকাশ,send_money_bkash
কোথায় পামু নতুন অ্যাপ,download_app
খেমতে বিকাশে টাকা দেওয়া যায়,send_money_bkash
বিকাশে টেকা পাটামু,send_money_bkash
হোয়াটসঅ্যাপে পটো কোথায় যায়,send_photo_whatsapp
ওয়াটসঅ্যাপ ফটো কোথায় পাঠাবো,send_photo_whatsapp
কোথায় সেভ করবো লম্বর,save_contact
ওয়াটসঅ্যাপে কাগজ পাঠাবো,send_file_whatsapp
ওয়াটসঅ্যাপ এ ফটো ফডাতে চাই,send_photo_whatsapp
মেসেঞ্জার এ কল হইছে না,call_messenger
খেমনে অ্যাপ ইনস্টল করে,download_app
কেমবে অ্যাপ ইনস্টল করে,download_app
ভিডিও কল করমু মেসেন্জারে খেমনে,call_messenger
ফোডো খেমনে দেওয়া যায়,send_photo_whatsapp
ফাইল কিরাম দেওয়া যায়,send_file_whatsapp
বিকাশে টাকা পাঠানো হয় কীভাবে,send_money_bkash
সিম এ রিচাজ দিমু বিকাশ থেকে,recharge_mobile_bkash
বিগাসে কেমবে টেহা পাঠায়,send_money_bkash
পটোটা দিয়ে দাও ওয়াটসঅ্যাপ,send_photo_whatsapp
ওয়াইফাই এ কানেক্ট করবো কেমনে,turn_on_wifi
ওয়াটসঅ্যাপ এ পটো পাঠাবো,send_photo_whatsapp
অ্যাপ ইনস্টল করতে চাই,download_app
মেসেঞ্জারে ফোন দিতাম চামু,call_messenger
বিকাশ দিয়ে টাহা পাঠানো যায় কেমনে,send_money_bkash
এই ফডু কীভাবে পাঠাবো বুঝছি না,send_photo_whatsapp
অ্যাপ ইনস্টল করতে চামু,download_app
মেসেঞ্জার কল খেমতে হয়,call_messenger
বিগাসে টেখা দিতাম চাই,send_money_bkash
নাম্বর কোথায় গেলো,find_contact
অ্যাপ ডাউনলোড হইছে না,download_app
কেমবে বিকাসে রিসার্জ দেওয়া যায়,recharge_mobile_bkash
নাম্বার পাচ্ছি না কেন,find_contact
ইমেজ পাঠাবো হোয়াটসঅ্যাপ এ,send_photo_whatsapp
ছবি সেন্ড করো,send_photo_whatsapp
মেসেঞ্জারে কথা বলতে চাই,call_messenger
মেসেনজারে ফোন করার উপায় কী,call_messenger
কন্টাক্ট খুঁজতে চামু,find_contact
টাকা কীভাবে পাঠাই বিকাশে,send_money_bkash
ওয়াইফাই কানেক্ট করার নিয়ম দেখাও,turn_on_wifi
ফডু দাও ওয়াটসঅ্যাপ,send_photo_whatsapp
মেসেনজার কল বাটন কোথায়,call_messenger
টেখা পাঠাও বিকাশ,send_money_bkash
ফাইল অ্যাটাচ করো,send_file_whatsapp
টাকা ট্রান্সফার করবো বিকাশ এ,send_money_bkash
ফোডো শেয়ার করো,send_photo_whatsapp
মেসেনজার কল খেমতে হয়,call_messenger
ছবি কীভাবে দেওয়া যায়,send_photo_whatsapp
কন্টাক্ট লিস্ট দেখাও,find_contact
নতুন কন্টাক্ট বানাও,save_contact
পিডিএফ  ফাডামু ওয়াটসঅ্যাপ   এ,send_file_whatsapp
টাকা ফাটাও,send_money_bkash
ফোনে অ্যাপ কোথায় পাবো,download_app
কল দাও মেসেঞ্জারে,call_messenger
মেসেঞ্জার এ অডিও কল খেমতে,call_messenger
ওয়াইফাই নেই কেন,turn_on_wifi
সেভ করো,save_contact
কল যাইতেছে না মেসেনজারে,call_messenger
ফটো সেন্ড হরবো হোয়াটসঅ্যাপ এ,send_photo_whatsapp
কন্টাগ খেমনে খুঁজি,find_contact
ওয়াটসঅ্যাপ এ ইমেজ পাঠাতে চামু,send_photo_whatsapp
অ্যাপ ডাউনলোড হরবো কেমবে,download_app
ওয়াইফাই কীভাবে ধরা যায়,turn_on_wifi
বিকাশ এ টাকা পাঠাবো,send_money_bkash
লম্বর সেভ করো,save_contact
মোবাইল এ ডাটা নেই কেন,turn_on_mobile_data
অ্যাপ ডাউনলোড করবো খেমনে,download_app
বিকাসে টাকা পাঠাবো কীভাবে জানো,send_money_bkash
মোবাইল ডেটা নেই কেন,turn_on_mobile_data
কার নাম্বর কোথায়,find_contact
ওয়াইফাই অন করতে চাই,turn_on_wifi
ফটো কোথায় ফাডামু ওয়াটসঅ্যাপ,send_photo_whatsapp
বিকাশ দিয়ে টাকা ফাটাতে চামু,send_money_bkash
কন্টাক্ট কেমনে খুঁজি,find_contact
লম্বর কোথায় রাখি,save_contact
বিকাশ দিয়ে টেহা পাঠানো দেখাও,send_money_bkash
ডেটা খেমতে চালু করি,turn_on_mobile_data
ছবি অ্যাপ,send_photo_whatsapp
বিকাশ দিয়ে টাকা পাঠানো যায় কেমনে,send_money_bkash
নেট চালু হলো না,turn_on_mobile_data
মোবাইলে টাকা ভরতে চাই বিকাশ দিয়ে,recharge_mobile_bkash
অ্যাপ এ ফটো ফাটাতে চামু,send_photo_whatsapp
বিকাশ দিয়ে টাকা যাইছে না,send_money_bkash
বিকাশে রিচার্জ করার বাটন কোথায়,recharge_mobile_bkash
চবি পাঠাতে পারছি না,send_photo_whatsapp
নতুন লম্বর ফোনে রাখো,save_contact
ফাইল পাঠানোর নিয়ম ওয়াটসঅ্যাপ এ,send_file_whatsapp
অ্যাপ কোথায় পাইমু,download_app
নামবার কই,find_contact
ফোডো যাইতেছে না কেন,send_photo_whatsapp
এই ছবিটা হোয়াটসঅ্যাপে পাঠাও,send_photo_whatsapp
মেসেনজারে এ ভিডিও কল করতে লাগে,call_messenger
ডেটা  চালু  করবো,turn_on_mobile_data
কার লামবার কোথায়,find_contact
খেমনে পটো পাঠাই হোয়াটসঅ্যাপে,send_photo_whatsapp
ওয়াটসঅ্যাপ   এ ফটো   ফাটাতে লাগে,send_photo_whatsapp
মোবাইল ডেটা চালু করার নিয়ম,turn_on_mobile_data
ফটো   সেন্ড  করবো কিরাম,send_photo_whatsapp
ফাইল শেয়ার করবো হোয়াটসঅ্যাপে,send_file_whatsapp
বিকাশ থেকে টেহা পাটামু,send_money_bkash
নাম দিয়ে নাম্বার খুঁজবো,find_contact
ওয়াইফাই খেমনে পাওয়া যায়,turn_on_wifi
বিকাশ থেকে মোবাইল চার্জ দিমু,recharge_mobile_bkash
চবি কীভাবে পাঠাই,send_photo_whatsapp
সিম এ নেট নেই কেমবে দেমু,turn_on_mobile_data
লম্বর খুঁজে পাচ্ছি না,find_contact
ফোনে কারো লামবার খুঁজবো,find_contact
বিকাশে টাকা পাঠাবো,send_money_bkash
মোবাইল টাকা শেষ রিচার্জ দাও,recharge_mobile_bkash
ফাইল খেমনে দেওয়া যায়,send_file_whatsapp
টেখা ট্রান্সফার   হরবো বিকাশ   এ,send_money_bkash
এই ছবিটা হোয়াটসঅ্যাপে ফাটাও,send_photo_whatsapp
লম্বর সেভ করমু কীভাবে,save_contact
নেট কাজ করছে না,turn_on_mobile_data
বিকাশ দিয়ে রিসার্জ দেখাও,recharge_mobile_bkash
মেসেনজার কল কীভাবে হয়,call_messenger
বিকাশ   সেন্ড  মানি   কিরাম,send_money_bkash
বিকাশ রিচার্জ,recharge_mobile_bkash
নেট চালু করো,turn_on_mobile_data
সবি পাঠাতে পারছি না,send_photo_whatsapp
লামবার কোথায় গেলো,find_contact
বিকাশে টেকা পাঠানোর বাটন কোথায়,send_money_bkash
কন্টাক্ট   ফাইন্‌ড্‌   করতে পারছি না,find_contact
ফডু ফাটানোর নিয়ম কী,send_photo_whatsapp
বিকাশ   এ টেহা দিতাম চাই,send_money_bkash
ফাইল কেমনে দেওয়া যায়,send_file_whatsapp
ডকুমেন্ট   পাটামু ওয়াটসঅ্যাপ   এ,send_file_whatsapp
ফডু যাইতেছে না কেন,send_photo_whatsapp
টেহা ফাটাবো বিকাশে,send_money_bkash
কেমবে বিকাসে রিচার্জ দেওয়া যায়,recharge_mobile_bkash
কারো নাম্বার পাচ্ছি না,find_contact
বিকাশ   এ রিচার্জ  দিতাম চামু,recharge_mobile_bkash
অ্যাপ  ডাউনলোড  হচ্ছে না,download_app
কন্টাগ খুঁজতে চামু,find_contact
অ্যাপ কোথায় পামু,download_app
লামবার বের করো,find_contact
বিকাশ   এ টেখা দিতে লাগে,send_money_bkash
মোবাইল  ডেটা  অন  করো,turn_on_mobile_data
মেসেঞ্জারে কথা খেমতে বলবো,call_messenger
মোবাইলে নেট লাগে,turn_on_mobile_data
এই ফটো   টা পাঠিয়ে দাও,send_photo_whatsapp
ওয়াইফাই  band হয়ে গেছে,turn_on_wifi
ভিডিও কল করিমু মেসেঞ্জারে কিরাম,call_messenger
কেমবে বিকাসে টাকা দেওয়া যায়,send_money_bkash
বিকাশ থেকে রিচার্জ হয় কীভাবে,recharge_mobile_bkash
নতুন নামবার যোগ করো,save_contact
এই পটো কিরাম ফাটামু বুঝছি না,send_photo_whatsapp
ফাইল  ফাটানোর নিয়ম ওয়াটসঅ্যাপ   এ,send_file_whatsapp
নাম্বার সেভ করবো কেমবে,save_contact
ডেটা খেমনে চালু করি,turn_on_mobile_data
কীভাবে বিকাসে টাকা দেওয়া যায়,send_money_bkash
ডেটা চালু করো এখনই,turn_on_mobile_data
ফাইল খেমনে পাঠাই,send_file_whatsapp
ডাউনলোট হচ্ছে না কেন,download_app
ডকুমেন্ট পাটামু ওয়াটসঅ্যাপে,send_file_whatsapp
ওয়াইফাই চালু করার বাটন কোথায়,turn_on_wifi
হোয়াটসঅ্যাপে ফোডো কোথায় যায়,send_photo_whatsapp
ডকুমেন্ট পাঠিয়ে দাও,send_file_whatsapp
ফটো   ফাটাও,send_photo_whatsapp
কীভাবে বিকাশে টাকা দেওয়া যায়,send_money_bkash
ডাউনলোট করো,download_app
কন্টাক্ট সেভ করতে চামু,save_contact
টাকা কত ফাডামু বিকাশে,send_money_bkash
প্লে স্টোর থেকে অ্যাপ আনার নিয়ম,download_app
ফোনবুক দেখাও,find_contact
ইন্টারনেট কেমবে চালু হবে,turn_on_mobile_data
সিম এ নেট নেই কীভাবে দেমু,turn_on_mobile_data
নতুন লামবার লিখে রাখো,save_contact
বিকাশ দিয়ে টেকা যাইতেছে না,send_money_bkash
নামবার খেমনে সেভ করি,save_contact
ডকুমেন্ট ফাটাবো হোয়াটসঅ্যাপে,send_file_whatsapp
রিচার্জ করতে পারতেছি না,recharge_mobile_bkash
ওয়াইফাই চালু করমু কীভাবে,turn_on_wifi
মেসেনজার রিং দাও,call_messenger
কন্টাক্ট   add করবো কিরাম,save_contact
রিচার্জ দরকার,recharge_mobile_bkash
ফডু খেমনে পাঠাই,send_photo_whatsapp
অ্যাপ ইনস্টল করতে লাগে,download_app
কন্টাক্ট তৈরি করার নিয়ম,save_contact
বিকাশ দিয়ে টেখা পাঠানো দেখাও,send_money_bkash
হোয়াটসঅ্যাপে ছবি কিরাম পাঠাবো,send_photo_whatsapp
ফোন book এ নাম্বর নেই,find_contact
ওয়াটসঅ্যাপে ফাইল পাঠাবো কীভাবে,send_file_whatsapp
ওয়াইফাই দাও,turn_on_wifi
ওয়াইফাই  অন করতে লাগে,turn_on_wifi
মেসেঞ্জারে ভিডিও কল করতে লাগে,call_messenger
ওয়াইফাই  চালু করবো কীভাবে,turn_on_wifi
ওয়াইফাই  চালু করো,turn_on_wifi
ফোডো ফাটানো শেখাও,send_photo_whatsapp
নতুন অ্যাপ লাগে কোথায় আছে,download_app
ইন্টারনেট অন হচ্ছে না কেন,turn_on_mobile_data
মেসেন্জারে এ call করিমু,call_messenger
কন্টাগ নেই,find_contact
ওয়াইফাই  network কোথায়,turn_on_wifi
ওয়াইফাই অন করতে চাই,turn_on_wifi
মেসেনজারে খেমনে ফোন করে,call_messenger
ডেটা  অন  করমু কেমনে,turn_on_mobile_data
নাম্বার সেভ করবো কীভাবে,save_contact
নাম্বার কোথায় গেলো,find_contact
বিকাশ রিচাজ,recharge_mobile_bkash
ইন্টারনেড কেমনে পাইমু,turn_on_mobile_data
খেমতে বিগাসে টাহা দেওয়া যায়,send_money_bkash
মোবাইল  ডেটা  চালু করার নিয়ম,turn_on_mobile_data
বিকাসে রিচার্জ হয় খেমনে,recharge_mobile_bkash
ওয়াইফাই সংযোগ হচ্ছে না,turn_on_wifi
চবি কিরাম শেয়ার করে,send_photo_whatsapp
মেসেঞ্জারে কল করিমু কীভাবে,call_messenger
ওয়াটসঅ্যাপে ছবি পাঠাবো,send_photo_whatsapp
ওয়াইফাই  কানেক্ট করার নিয়ম,turn_on_wifi
facebook এ call দিবো,call_messenger
বিকাসে টাকা ফাটাবো কিরাম জানো,send_money_bkash
কীভাবে ছবি পাঠাই হোয়াটসঅ্যাপে,send_photo_whatsapp
নতুন নাম্বর রাখতে চামু,save_contact
ওয়াইফাই কেমবে চালু করি,turn_on_wifi
ছবি দিতাম চাই কাউকে,send_photo_whatsapp
বিগাসে পাঠাও,send_money_bkash
ভিডিও কল করবো মেসেন্জারে কীভাবে,call_messenger
ফাইল পাডাতে চাই হোয়াটস্যাপে,send_file_whatsapp
ফোডো পাঠাও,send_photo_whatsapp
প্লে স্টোর কেমনে খুলি,download_app
বিকাশে কীভাবে টাকা পাঠায়,send_money_bkash
ওয়াইফাই কেমনে ধরা যায়,turn_on_wifi
বিকাসে রিসার্জ দিতে চাই,recharge_mobile_bkash
ফাইল পাঠাতে লাগে হোয়াটসঅ্যাপে,send_file_whatsapp
ফটো   পাঠাও,send_photo_whatsapp
কন্টাক্ট কোথায় আছে,find_contact
অ্যাপ কোথায় পাবো,download_app
কাগজ ফাটাও,send_file_whatsapp
বিকাশ টেকা পাঠানো,send_money_bkash
রিসার্জ কোথায় দেবো,recharge_mobile_bkash
ফোনে কারো নাম্বর খুঁজবো,find_contact
ছবি পাঠানো দেখাও,send_photo_whatsapp
টাকা পাঠাতে পারছিনানা না বিগাসে,send_money_bkash
ডাউনলোড করো,download_app
ফাইল পাঠানো কেমনে হয় হোয়াটসঅ্যাপে,send_file_whatsapp
এই ছবি কীভাবে পাটামু বুঝছি না,send_photo_whatsapp
ওয়াইফাই  band হয়ে গেছে,turn_on_wifi
নাম্বার কোথায় আছে,find_contact
ওয়াটসঅ্যাপ এ ফডু পাঠাতে চাই,send_photo_whatsapp
টাকা গেলো না কেন বিকাসে,send_money_bkash
অ্যাপ ডাউনলোড করবো কেমনে,download_app
কিরাম ছবি পাঠাই হোয়াটসঅ্যাপে,send_photo_whatsapp
ফাইল  সেন্ড  হরবো ওয়াটসঅ্যাপ   এ,send_file_whatsapp
ডেটা  অন  করবো কীভাবে,turn_on_mobile_data
কন্টাক্ট লিস্ট কোথায়,find_contact
কন্টাগ বানাও,save_contact
বিকাশ   এ টাকা দিতে লাগে,send_money_bkash
কোথায় সেভ করমু লম্বর,save_contact
ইন্টারনেট কীভাবে চালু হবে,turn_on_mobile_data
মেসেন্জারে দিয়ে ফোন দিতাম লাগে,call_messenger
internet cঅন nectiঅন  নেই,turn_on_mobile_data
বিকাশে টাকা ফাটানোর বাটন কোথায়,send_money_bkash
অ্যাপ ইনস্টল হইতেছে না কেন,download_app
কন্টাক্ট সেভ হইছে না কেন,save_contact
কারো লম্বর পাচ্ছি না,find_contact
ওয়াইফাই,turn_on_wifi
নাম্বর বের করো,find_contact
মোবাইলে টাহা নেই,recharge_mobile_bkash
কন্টাক্ট কেমবে খুঁজি,find_contact
ওয়াইফাই চালু করবো কীভাবে,turn_on_wifi
পিডিএফ  পাটামু ওয়াটসঅ্যাপ   এ,send_file_whatsapp
বিকাশ দিয়ে টেহা পাঠাতে লাগে,send_money_bkash
ওয়াটসঅ্যাপ   এ ফাইল  সেন্ড  হইতেছে না,send_file_whatsapp
মেসেঞ্জারে কল করবো কীভাবে,call_messenger
ইন্টারনেড অন হচ্ছে না কেন,turn_on_mobile_data
নামবার খুঁজে পাচ্ছি না,find_contact
বিকাশ থেকে মোবাইল চার্জ দেমু,recharge_mobile_bkash
টাকা পাঠাতে পারছিনা না বিগাসে,send_money_bkash
মোবাইলে টাহা ভরো,recharge_mobile_bkash
ভিডিও কল,call_messenger
হোয়াটসঅ্যাপে ছবি খেমনে ফাডামু,send_photo_whatsapp
পটো শেয়ার করো,send_photo_whatsapp
নাম্বার কেমবে সেভ করি,save_contact
কন্টাক্ট খুঁজতে চাই,find_contact
ছবি ফাটানো কি সম্ভব,send_photo_whatsapp
play store থেকে অ্যাপ  নামাবো,download_app
ফোনে কারো নম্বর খুঁজবো,find_contact
অ্যাপ  store থেকে নামাবো,download_app
নাম্বার খোঁজো,find_contact
টেখা ফাটাও,send_money_bkash
নতুন নাম্বর ফোনে রাখো,save_contact
ওয়াইফাই সংযোগ করতে চামু,turn_on_wifi
মেসেন্জারে ফোন করার উপায় কী,call_messenger
নতুন অ্যাপ নামাতে লাগে,download_app
ডকুমেন্ট কেমনে শেয়ার করি,send_file_whatsapp
ফাইল ফাটানোর নিয়ম দেখাও,send_file_whatsapp
অ্যাপ  install করতে চামু,download_app
নতুন অ্যাপ নামাতে চামু,download_app
খেমনে ফডু পাঠাই হোয়াটসঅ্যাপে,send_photo_whatsapp
ফডু সেন্ড  করো,send_photo_whatsapp
নাম্বার সেভ করবো কেমনে,save_contact
মেসেঞ্জারে কথা কীভাবে বলবো,call_messenger
কন্টাক্ট   list এ add করো,save_contact
ইন্টারনেট খেমতে পাওয়া যায়,turn_on_mobile_data
মেসেনজারে খেমতে কল করি,call_messenger
মেসেন্জারে অডিও কল কীভাবে,call_messenger
ওয়াইফাই সংযোগ করতে লাগে,turn_on_wifi
টাহা কীভাবে পাঠাই বিকাশে,send_money_bkash
বিকাশে পাঠিয়ে দাও,send_money_bkash
নাম দিয়ে নাম্বর খুঁজবো,find_contact
সিম এ নেট নেই কেমনে দিমু,turn_on_mobile_data
হোয়াটসঅ্যাপে পটো কেমনে পাঠাবো,send_photo_whatsapp
হোয়াটসঅ্যাপ ফডু পাঠাও,send_photo_whatsapp
ইন্টারনেট খেমতে পাবো,turn_on_mobile_data
ছবি ফাটানোর বাটন কোথায়,send_photo_whatsapp
বিকাশে টাকা পাঠানো শিখাও,send_money_bkash
মেসেন্জার কল বাটন কোথায়,call_messenger
নাম্বার সেভ,save_contact
install হলো না,download_app
রিচার্জ হইছে না কেন,recharge_mobile_bkash
ফাইল পাঠাতে চাই হোয়াটস্যাপে,send_file_whatsapp
ছবি ফাটানো শেখাও,send_photo_whatsapp
ফেসবুক দিয়ে কল করবো,call_messenger
number save করার নিয়ম,save_contact
কন্টাক্ট   store করতে চামু,save_contact
টাকা পাঠাতে পারতেছি না বিগাসে,send_money_bkash
নতুন নাম্বার রাখতে চাই,save_contact
মেসেনজারে রিং দেওয়ার নিয়ম,call_messenger
বিকাশে কীভাবে টেখা পাঠায়,send_money_bkash
পটো,send_photo_whatsapp
টাকা বিকাশ,send_money_bkash
ওয়াটসঅ্যাপ ফডু পাঠাও,send_photo_whatsapp
কন্টাগ সেভ হইছে না কেন,save_contact
ওয়াইফাই কিরাম চালু করি,turn_on_wifi
ফটো   সেন্ড  করবো কেমবে,send_photo_whatsapp
সবি পাডাতে পারছি না,send_photo_whatsapp
নতুন নামবার রাখতে চামু,save_contact
বিকাশ দিয়ে মোবাইলে টেখা দেবো,recharge_mobile_bkash
অ্যাপ কেমনে নামানো যায়,download_app
কন্টাক্ট   খুঁজতে চাই,find_contact
কিরাম লামবার খোঁজা যায়,find_contact
বিকাশে পাঠাও,send_money_bkash
সেভ হইতেছে না কেন,save_contact
বিকাশে টেহা ফাটানো শিখাও,send_money_bkash
বিকাশ দিয়ে টেহা পাডাতে লাগে,send_money_bkash
কেমনে মেসেঞ্জারে কথা বলা যায়,call_messenger
বিকাশ দিয়ে মোবাইল রিচাজ হরবো,recharge_mobile_bkash
কাগজ পাঠানো শেখাও ওয়াটসঅ্যাপে,send_file_whatsapp
ওয়াইফাই ,turn_on_wifi
এই ছবি কিরাম ফাটামু বুঝছি না,send_photo_whatsapp
বিকাশ   দিয়ে মোবাইল রিচার্জ  করমু,recharge_mobile_bkash
বিকাশ টেহা,send_money_bkash
কল দাও মেসেন্জারে,call_messenger
হোয়াটস্যাপে ফোডো কোথায় যায়,send_photo_whatsapp
ইমেজ  ফাটাবো ওয়াটসঅ্যাপ   এ,send_photo_whatsapp
বিকাশে ফাটাও,send_money_bkash
ডেটা নেই,turn_on_mobile_data
মেসেনজার দিয়ে কথা বলবো,call_messenger
মেসেনজারে কিরাম কল করি,call_messenger
ছবি কেমবে দেওয়া যায়,send_photo_whatsapp
বিগাসে রিসার্জ করার বাটন কোথায়,recharge_mobile_bkash
ছবি পাঠানো শেখাও,send_photo_whatsapp
কোথায় সেভ করবো নাম্বার,save_contact
চবি যাচ্ছে না কেন,send_photo_whatsapp
কল দাও মেসেনজারে,call_messenger
অ্যাপ কিরাম পাই,download_app
টেখা বিকাশ,send_money_bkash
পটো কেমবে পাঠাই,send_photo_whatsapp
ফাইল পাঠাও,send_file_whatsapp
মেসেনজারে কল করো,call_messenger
মেসেন্জারে ভিডিও কল করতে লাগে,call_messenger
মেসেন্জারে দিয়ে ফোন দিতে চাই,call_messenger
বিকাশ দিয়ে টাকা দাও,send_money_bkash
বিকাশ   দিয়ে টাহা পাঠাতে চাই,send_money_bkash
ওয়াইফাই  অন করতে চামু,turn_on_wifi
ছবিটা,send_photo_whatsapp
ডকুমেন্ট কীভাবে ফাটামু,send_file_whatsapp
ডকুমেন্ট   অ্যাটাচ  করবো খেমনে,send_file_whatsapp
বিকাশ দিয়ে মোবাইল রিসার্জ করবো,recharge_mobile_bkash
ফোনবুকে কাউকে খুঁজছি,find_contact
পটো ফাটানোর নিয়ম কী,send_photo_whatsapp
ফাইল কেমবে পাঠাই,send_file_whatsapp
ছবি কীভাবে শেয়ার করে,send_photo_whatsapp
ওয়াইফাই ,turn_on_wifi
বিগাসে পাঠিয়ে দাও,send_money_bkash
ফটো   ফাটাও ওয়াটসঅ্যাপে,send_photo_whatsapp
বিকাশ   এ টেখা ফাডামু,send_money_bkash
ইন্টারনেড কেন কাজ করছে না,turn_on_mobile_data
ফটো   সেন্ড  করবো কীভাবে,send_photo_whatsapp
ওয়াটসঅ্যাপ   এ ছবি ফাটাবো,send_photo_whatsapp
ডকুমেন্ট কীভাবে শেয়ার করি,send_file_whatsapp
ওয়াইফাই বন্ধ হয়ে গেছে,turn_on_wifi
মেসেন্জারে কথা খেমতে বলবো,call_messenger
ওয়াইফাই চালু হরবো খেমতে,turn_on_wifi
ওয়াইফাই চালু করার নিয়ম কী,turn_on_wifi
ওয়াইফাই  কানেক্ট করো,turn_on_wifi
ডাউনলোড হচ্ছে না কেন,download_app
কিরাম নাম্বর খোঁজা যায়,find_contact
বিকাসে কেমনে টাকা পাঠায়,send_money_bkash
হোয়াটসঅ্যাপে ছবি দেবো কীভাবে,send_photo_whatsapp
মোবাইলে ব্যালেন্স নেই বিকাসে দাও,recharge_mobile_bkash
ফেসবুক মেসেঞ্জারে কল দেমু,call_messenger
বিকাশ দিয়ে মোবাইলে টাকা দেবো,recharge_mobile_bkash
হোয়াটসঅ্যাপে পটো কেমনে পাটামু,send_photo_whatsapp
ছবি খেমনে দেওয়া যায়,send_photo_whatsapp
কল যাইতেছে না মেসেন্জারে,call_messenger
ইন্টারনেট চালু করতে চাই,turn_on_mobile_data
মেসেন্জারে কথা বলতে চামু,call_messenger
ফাইল পাঠানো খেমতে হয় হোয়াটসঅ্যাপে,send_file_whatsapp
ডাউনলোট করার নিয়ম দেখাও,download_app
ওয়াটসঅ্যাপে ছবি পাটামু,send_photo_whatsapp
মেসেন্জারে এ ভিডিও  call করতে চাই,call_messenger
ওয়াটসঅ্যাপ   এ ফটো   পাঠাতে চাই,send_photo_whatsapp
কল দিতে পারছি না মেসেন্জারে,call_messenger
রিসার্জ দরকার,recharge_mobile_bkash
কন্টাক্ট   store করতে চাই,save_contact
বিকাশ দিয়ে টাকা পাঠানো দেখাও,send_money_bkash
হোয়াটসঅ্যাপ ছবি,send_photo_whatsapp
কনটাক সেভ হইতেছে না কেন,save_contact
বিকাশ   সেন্ড  মানি   কীভাবে,send_money_bkash
ডকুমেন্ট   অ্যাটাচ  করমু কীভাবে,send_file_whatsapp
নতুন অ্যাপ চামু কোথায় আছে,download_app
সিম এ টাকা ভরবো বিকাশ দিয়ে,recharge_mobile_bkash
রিচার্জ কোথায় দেবো,recharge_mobile_bkash
প্লে স্টোর থেকে অ্যাপ নামাবো,download_app
মেসেঞ্জারে খেমনে ফোন করে,call_messenger
মেসেন্জার কল দেখাও,call_messenger
কন্টাক্ট সেভ হইতেছে না কেন,save_contact
ওয়াইফাই খেমতে ধরা যায়,turn_on_wifi
হোয়াটসঅ্যাপে ছবি পাটামু,send_photo_whatsapp
ফাইল  share হরবো ওয়াটসঅ্যাপ   এ,send_file_whatsapp
হোয়াটসঅ্যাপে ছবি পাঠাবো,send_photo_whatsapp
ওয়াটসঅ্যাপ   ফটো   কিরাম দেই,send_photo_whatsapp
ওয়াটসঅ্যাপ   এ ফাইল  ফাটাবো,send_file_whatsapp
লামবার কেমবে সেভ করি,save_contact
কন্টাক্ট   কীভাবে খুঁজি,find_contact
হোয়াটসঅ্যাপে ছবি কীভাবে ফাডামু,send_photo_whatsapp
ফোন book এ নামবার নেই,find_contact
ওয়াটসঅ্যাপ   এ ফাইল  পাঠাবো,send_file_whatsapp
ফেসবুক মেসেন্জারে কল দেবো,call_messenger
ওয়াইফাই কোথায় আছে,turn_on_wifi
বিকাশ   এ টাকা ফাটামু,send_money_bkash
কন্টাক্ট   add করবো কেমনে,save_contact
ইন্টারনেট কিরাম পাওয়া যায়,turn_on_mobile_data
নাম্বার কই,find_contact
ওয়াইফাই কেমবে ধরা যায়,turn_on_wifi
নামবার সেভ,save_contact
সবি ফাটানো কি সম্ভব,send_photo_whatsapp
ছবি ফাটাও,send_photo_whatsapp
এই ছবিটা পাঠিয়ে দিন,send_photo_whatsapp
মেসেনজার কল দেখাও,call_messenger
ফডু পাঠাতে কী করতে হয়,send_photo_whatsapp
কন্টাক্ট সেভ হচ্ছে না কেন,save_contact
নতুন নাম্বার ফোনে রাখো,save_contact
রিচার্জ কোথায় দিমু,recharge_mobile_bkash
টাকা পাঠাবো বিকাশে,send_money_bkash
নাম্বার দেখতে চামু ফোনে,find_contact
হোয়াটসঅ্যাপে কাগজ পাটামু,send_file_whatsapp
কন্টাগ তৈরি করার নিয়ম,save_contact
কনটাক তৈরি করার নিয়ম,save_contact
অ্যাপ  install করতে চাই,download_app
অ্যাপ খেমতে পাই,download_app
ওয়াইফাই কানেক্ট করার নিয়ম,turn_on_wifi
মোবাইলের ডেটা চালু করিমু কীভাবে,turn_on_mobile_data
ভিডিও কল করবো মেসেঞ্জারে কীভাবে,call_messenger
কীভাবে বিগাসে টাহা দেওয়া যায়,send_money_bkash
মেসেন্জারে এ call করবো,call_messenger
কোথায় পাইমু নতুন অ্যাপ,download_app
ডকুমেন্ট পাঠাও এখনই,send_file_whatsapp
অ্যাপ কিরাম নামানো যায়,download_app
টাহা ট্রান্সফার   করার নিয়ম বিকাশ   এ,send_money_bkash
কন্টাক্ট   add করমু কেমনে,save_contact
কন্টাগ লিস্টে নতুন নাম দাও,save_contact
মেসেন্জারে কথা কেমবে বলবো,call_messenger
ওয়াইফাই চালু করমু কেমনে,turn_on_wifi
মেসেঞ্জারে কীভাবে কল করি,call_messenger
ওয়াইফাই চালু হরবো কীভাবে,turn_on_wifi
কারো লামবার খুঁজছি,find_contact
ফেসবুক মেসেন্জারে কল দিমু,call_messenger
বিকাশ দিয়ে টেকা ফাটানো যায় কিরাম,send_money_bkash
টাহা কিরাম পাঠাই বিকাশে,send_money_bkash
কন্টাক্ট কীভাবে বের করি,find_contact
কেমবে নাম্বার খোঁজা যায়,find_contact
মেসেন্জারে কথা বলতে চাই,call_messenger
মেসেন্জারে ভিডিও কল করতে চামু,call_messenger
বিকাশ থেকে মোবাইল চার্জ দেবো,recharge_mobile_bkash
বিকাশ টাকা পাঠানো,send_money_bkash
হোয়াটসঅ্যাপে ছবি কোথায় যায়,send_photo_whatsapp
মেসেঞ্জারে ফোন করার উপায় কী,call_messenger
বিকাশ দিয়ে মোবাইল রিচার্জ করবো,recharge_mobile_bkash
বিকাশ থেকে টাকা ফাডামু,send_money_bkash
টাহা কত পাঠাবো বিকাশে,send_money_bkash
বিকাশ দিয়ে টাকা ফাটানো যায় কীভাবে,send_money_bkash
ডকুমেন্ট পাঠাবো হোয়াটসঅ্যাপে,send_file_whatsapp
ওয়াইফাই অন হইতেছে না,turn_on_wifi
মেসেঞ্জারে খেমতে কল করি,call_messenger
ফাইল পাঠাতে চাই হোয়াটসঅ্যাপে,send_file_whatsapp
টাকা পাঠাবো বিকাসে,send_money_bkash
সেভ হচ্ছে না কেন,save_contact
সিম এ টেকা ভরবো বিকাশ দিয়ে,recharge_mobile_bkash
বিকাশে টেহা দিতে চামু,send_money_bkash
ইন্টারনেট কীভাবে পাওয়া যায়,turn_on_mobile_data
ফডু পাঠানোর বাটন কোথায়,send_photo_whatsapp
বিকাশ দিয়ে টেখা ফাটানো দেখাও,send_money_bkash
ওয়াইফাই setting দেখাও,turn_on_wifi
ফডু ফাটানো কি সম্ভব,send_photo_whatsapp
ওয়াইফাই band হয়ে গেছে,turn_on_wifi
ফটো   upload করবো ওয়াটসঅ্যাপ   এ,send_photo_whatsapp
নতুন কনটাক বানাও,save_contact
ওয়াইফাই কানেক্ট করো,turn_on_wifi
ডকুমেন্ট পাডাতে কী করতে হয়,send_file_whatsapp
ছবি পাঠানোর বাটন কোথায়,send_photo_whatsapp
মেসেন্জারে কল করো,call_messenger
বিকাশ দিয়ে টেহা দাও,send_money_bkash
ফাইল পাঠানোর নিয়ম দেখাও,send_file_whatsapp
ওয়াইফাই  চালু হরবো কিরাম,turn_on_wifi
এই সবিটা হোয়াটসঅ্যাপে ফাটাও,send_photo_whatsapp
ফডু ফাটানোর বাটন কোথায়,send_photo_whatsapp
ওয়াইফাই দিয়ে ইন্টারনেড চালাবো,turn_on_wifi
বিকাশে টেকা পাঠাবো,send_money_bkash
লামবার নেই,find_contact
ছবি দিতে চাই কাউকে,send_photo_whatsapp
বিকাশে টাকা পাঠাবো কীভাবে জানো,send_money_bkash
নেট কেন নেই,turn_on_mobile_data
বিকাশ থেকে রিচার্জ হয় খেমনে,recharge_mobile_bkash
লম্বর দেখতে লাগে ফোনে,find_contact
সবি পাঠানোর নিয়ম কী,send_photo_whatsapp
ওয়াইফাই কাজ করছে না,turn_on_wifi
টেকা পাঠাও বিকাশ  ,send_money_bkash
নেট কখন আসবে,turn_on_mobile_data
সিম এ টেখা ভরবো বিকাশ দিয়ে,recharge_mobile_bkash
ডেটা কেমনে কাজ করে,turn_on_mobile_data
ফোনবুক খুলে দাও,find_contact
বিকাশ   এ টাকা ফাটাবো,send_money_bkash
ফাইল আপলোড করতে চামু,send_file_whatsapp
মোবাইলে টাকা কীভাবে ভরি,recharge_mobile_bkash
ওয়াটসঅ্যাপে ফডু পাটামু,send_photo_whatsapp
কাগজ কিরাম পাডাই,send_file_whatsapp
হোয়াটসঅ্যাপে কাগজ পাঠাবো,send_file_whatsapp
ওয়াইফাই চালু করো,turn_on_wifi
বিকাশ দিয়ে রিসার্জ দাও,recharge_mobile_bkash
ফেসবুক মেসেঞ্জারে কল দেবো,call_messenger
মেসেনজারে কীভাবে কল করি,call_messenger
হোয়াটসঅ্যাপ চবি পাঠাও,send_photo_whatsapp
নতুন কন্টাক্ট   তৈরি করো,save_contact
ডকুমেন্ট পাঠাতে কী করতে হয়,send_file_whatsapp
বিকাশ   দিয়ে মোবাইল রিচার্জ  করিমু,recharge_mobile_bkash
সিম এ টেহা ভরবো বিকাশ দিয়ে,recharge_mobile_bkash
ডেটা  চালু  করমু,turn_on_mobile_data
বিকাশ   এ টাকা ফাডামু,send_money_bkash
কোথায় সেভ হরবো নামবার,save_contact
কন্টাগ খুঁজে দাও,find_contact
বিকাশ   payment করিমু,send_money_bkash
হোয়াটস্যাপ ফোডো,send_photo_whatsapp
ইন্টারনেড খেমতে পাবো,turn_on_mobile_data
মোবাইলের ডেটা চালু করিমু কেমনে,turn_on_mobile_data
ওয়াটসঅ্যাপে ফাইল ফাটাবো কীভাবে,send_file_whatsapp
ওয়াটসঅ্যাপ   এ পটো ফাডামু,send_photo_whatsapp
হোয়াটসঅ্যাপে ফোডো পাটামু,send_photo_whatsapp
টাকা কত পাঠাবো বিকাশে,send_money_bkash
নামবার রাখার উপায় কী,save_contact
টেখা গেলো না কেন বিগাসে,send_money_bkash
নতুন নাম্বার লিখে রাখো,save_contact
বিকাশে টাকা ফাটানো শিখাও,send_money_bkash
ফডু পাঠানোর নিয়ম কী,send_photo_whatsapp
ওয়াইফাই চালু হলো না কেন,turn_on_wifi
নতুন নামবার রাখতে চাই,save_contact
বিকাশে কেমনে টাকা পাঠায়,send_money_bkash
চবি পাঠানো দেখাও,send_photo_whatsapp
বিকাশ   এ রিচার্জ  দিতাম লাগে,recharge_mobile_bkash
মোবাইলে টাহা ভরতে চাই বিকাশ দিয়ে,recharge_mobile_bkash
টেকা ট্রান্সফার   করমু বিকাশ   এ,send_money_bkash
হোয়াটসঅ্যাপে ছবি গেলো না,send_photo_whatsapp
বিকাশ দিয়ে টাকা পাঠানো যায় কীভাবে,send_money_bkash
প্লে স্টোর কেমবে যাই,download_app
প্লে স্টোর কীভাবে যাই,download_app
ইন্টারনেড কীভাবে পাবো,turn_on_mobile_data
সিম এ রিচার্জ দেমু বিকাশ থেকে,recharge_mobile_bkash
রিচাজ করতে পারতেছি না,recharge_mobile_bkash
ওয়াইফাই কীভাবে পাওয়া যায়,turn_on_wifi
ওয়াটসঅ্যাপ এ ছবি পাঠাতে চাই,send_photo_whatsapp
সিম এ নেট নেই কীভাবে দেবো,turn_on_mobile_data
ডকুমেন্ট   অ্যাটাচ  করমু খেমনে,send_file_whatsapp
কন্টাগ সেভ করতে চামু,save_contact
কন্টাক্ট   add করবো কীভাবে,save_contact
নামবার খেমতে সেভ হয়,save_contact
টাকা ফাটাও বিকাশ  ,send_money_bkash
হোয়াটসঅ্যাপ ফডু,send_photo_whatsapp
মেসেঞ্জার,call_messenger
ফেসবুকে কল দেওয়ার উপায় কী,call_messenger
ওয়াইফাই নেটওয়ার্ক দেখাচ্ছে না,turn_on_wifi
মেসেঞ্জারে অডিও কল কীভাবে,call_messenger
ডেটা খেমতে কাজ করে,turn_on_mobile_data
নাম্বার সেভ করমু কীভাবে,save_contact
এই পটোটা পাঠিয়ে দিন,send_photo_whatsapp
বিকাশে টেকা ফাটানোর বাটন কোথায়,send_money_bkash
নাম দিয়ে নাম্বার সেভ করবো,save_contact
ফোনে নাম্বার রাখো,save_contact
মেসেন্জারে দিয়ে ফোন দিতে চামু,call_messenger
ডেটা কীভাবে কাজ করে,turn_on_mobile_data
ওয়াইফাই  নেই,turn_on_wifi
বিকাশ দিয়ে মোবাইল রিসার্জ হরবো,recharge_mobile_bkash
বিকাশ   এ টেহা ফাটাবো,send_money_bkash
বিকাশে রিচার্জ দিতাম চাই,recharge_mobile_bkash
মেসেন্জার কল খেমনে হয়,call_messenger
বিকাশ   payment করমু,send_money_bkash
ইন্টারনেট নেই,turn_on_mobile_data
ভিডিও কল করবো মেসেন্জারে খেমনে,call_messenger
ইন্টারনেড কেমনে পাবো,turn_on_mobile_data
মোবাইলে টেকা নেই,recharge_mobile_bkash
মেসেঞ্জারে রিং দেওয়ার নিয়ম,call_messenger
নতুন অ্যাপ যোগ করো ফোনে,download_app
বিকাশে টেখা পাঠানোর বাটন কোথায়,send_money_bkash
ওয়াইফাই কানেক্ট হইছে না কেন,turn_on_wifi
মোবাইলে নেট চামু,turn_on_mobile_data
ফোডো ফাটাও তো,send_photo_whatsapp
রিসার্জ করো,recharge_mobile_bkash
রিচার্জ করার নিয়ম বিগাসে,recharge_mobile_bkash
অ্যাপ  ডাউনলোড  করমু কেমনে,download_app
ওয়াইফাই বন্ধ,turn_on_wifi
নতুন কন্টাক্ট,save_contact
ফোডো পাঠানো শেখাও,send_photo_whatsapp
কল দিতে পারছি না মেসেঞ্জারে,call_messenger
মেসেঞ্জারে ফোন দিতে চামু,call_messenger
নাম্বার কীভাবে সেভ হয়,save_contact
মেসেন্জারে এ ভিডিও  call করতে চামু,call_messenger
বিকাশ   সেন্ড  মানি   খেমতে,send_money_bkash
নাম্বর কোথায় আছে,find_contact
ফাইল  share করিমু ওয়াটসঅ্যাপ   এ,send_file_whatsapp
টাকা কত ফাটামু বিগাসে,send_money_bkash
কন্টাক্ট   সেভ করতে চামু,save_contact
নেট চালু করার উপায় কী,turn_on_mobile_data
ডকুমেন্ট   ফাটামু ওয়াটসঅ্যাপ   এ,send_file_whatsapp
অ্যাপ নামানোর বাটন কোথায়,download_app
হোয়াটসঅ্যাপ সবি,send_photo_whatsapp
নামবার সেভ করো,save_contact
বিকাশে কেমবে টেহা পাঠায়,send_money_bkash
এই ছবিটা ওয়াটসঅ্যাপে পাঠাও,send_photo_whatsapp
হোয়াটস্যাপে পটো গেলো না,send_photo_whatsapp
মেসেন্জারে call cঅন nect হচ্ছে না,call_messenger
টেহা পাঠাবো বিকাশে,send_money_bkash
ফডু পাঠানো দেখাও,send_photo_whatsapp
ফাইল আপলোড করতে লাগে,send_file_whatsapp
ওয়াইফাই কানেক্ট হচ্ছে না কেন,turn_on_wifi
বিকাশ   এ রিচার্জ  দিতে লাগে,recharge_mobile_bkash
মেসেঞ্জার কল বাটন কোথায়,call_messenger
নামবার দেখতে চামু ফোনে,find_contact
অ্যাপ ,download_app
বিকাশ দিয়ে টাহা পাঠানো দেখাও,send_money_bkash
ছবি কেমবে পাঠাই,send_photo_whatsapp
ফেসবুকে কল হরবো,call_messenger
কীভাবে বিকাশে রিচার্জ দেওয়া যায়,recharge_mobile_bkash
মোবাইলের ডেটা চালু করমু খেমতে,turn_on_mobile_data
মোবাইলে টেহা কেমবে ভরি,recharge_mobile_bkash
কন্টাক্ট লিস্টে নতুন নাম দাও,save_contact
ইন্টারনেট কীভাবে পাবো,turn_on_mobile_data
চবি ফাটানোর বাটন কোথায়,send_photo_whatsapp
নতুন কন্টাক্ট যোগ করো,save_contact
নাম দিয়ে নাম্বর সেভ করবো,save_contact
ছবি পাঠাও তো,send_photo_whatsapp
হোয়াটস্যাপে ছবি গেলো না,send_photo_whatsapp
মেসেন্জারে কল করমু খেমনে,call_messenger
ফডু কেমবে দেওয়া যায়,send_photo_whatsapp
ডেটা  অন  করমু কীভাবে,turn_on_mobile_data
মোবাইলে টেখা নেই,recharge_mobile_bkash
ফোডোটা দিয়ে দাও,send_photo_whatsapp
google play থেকে অ্যাপ  চাই,download_app
লামবার খোঁজো,find_contact
প্লে স্টোর খেমনে খুলি,download_app
ওয়াটসঅ্যাপ   ফটো   কীভাবে দেই,send_photo_whatsapp
পিডিএফ  ফাটামু ওয়াটসঅ্যাপ   এ,send_file_whatsapp
ডকুমেন্ট খেমনে শেয়ার করি,send_file_whatsapp
কল যাইতেছে না মেসেঞ্জারে,call_messenger
নতুন অ্যাপ  নামাতে চামু,download_app
নাম্বার সেভ করার নিয়ম দেখাও,save_contact
পটো সেন্ড  করো,send_photo_whatsapp
ছবি পাঠাতে কী করতে হয়,send_photo_whatsapp
রিচার্জ করো,recharge_mobile_bkash
মেসেন্জারে এ call করমু,call_messenger
কাগজ কীভাবে পাঠাই,send_file_whatsapp
মেসেঞ্জারে ভিডিও কল করতে চামু,call_messenger
সবি দাও,send_photo_whatsapp
চবি দিতাম চাই কাউকে,send_photo_whatsapp
কনটাক খুঁজে দাও,find_contact
নতুন নাম্বার যোগ করো,save_contact
google play থেকে অ্যাপ  লাগে,download_app
মোবাইলে টেখা কীভাবে ভরি,recharge_mobile_bkash
বিকাশে রিচার্জ হয় কীভাবে,recharge_mobile_bkash
কল দিতে পারছি না মেসেনজারে,call_messenger
ফোডো ফাটাও,send_photo_whatsapp
অ্যাপ ডাউনলোড করবো খেমনে,download_app
টেখা ফাটাও বিকাশ  ,send_money_bkash
ওয়াইফাই চালু করবো কিরাম,turn_on_wifi
ওয়াইফাই  কানেক্ট করার নিয়ম,turn_on_wifi
সেভ বাটন কোথায় আছে,save_contact
হোয়াটস্যাপে কাগজ দেওয়ার নিয়ম,send_file_whatsapp
নতুন কনটাক,save_contact
মেসেঞ্জারে কীভাবে ফোন করে,call_messenger
বিকাশ   এ payment হচ্ছে না,send_money_bkash
ডকুমেন্ট কেমবে পাটামু,send_file_whatsapp
কন্টাক্ট সেভ করতে চাই,save_contact
হোয়াটসঅ্যাপে পটো গেলো না,send_photo_whatsapp
ওয়াটসঅ্যাপ   এ ফডু পাঠাবো,send_photo_whatsapp
মোবাইলে টেকা ভরো,recharge_mobile_bkash
ডকুমেন্ট ফাটানো হইছে না,send_file_whatsapp
ডেটা অন করো,turn_on_mobile_data
মেসেন্জারে audio call খেমনে,call_messenger
কনটাক লিস্টে নতুন নাম দাও,save_contact
বিকাশ দিয়ে রিচাজ কিরাম করে,recharge_mobile_bkash
ডকুমেন্ট ফাডামু হোয়াটসঅ্যাপে,send_file_whatsapp
মেসেন্জারে কল করমু কীভাবে,call_messenger
facebook মেসেন্জারে এ call দেবো,call_messenger
বিকাশে রিচার্জ দিতে চাই,recharge_mobile_bkash
লামবার add করো ফোন এ,save_contact
কোথায় সেভ করিমু নাম্বার,save_contact
ডেটা  অন  করিমু কেমনে,turn_on_mobile_data
কনটাক তৈরি করো,save_contact
ফটো   ফাটাও হোয়াটস্যাপে,send_photo_whatsapp
নামবার নেই,find_contact
কনটাক কিরাম বের করি,find_contact
বিকাশ   top up কেমবে,recharge_mobile_bkash
এই ফডু কিরাম পাঠাবো বুঝছি না,send_photo_whatsapp
নাম্বর সেভ করার বাটন কোথায়,save_contact
বিগাসে টেহা দেওয়ার নিয়ম কী,send_money_bkash
কাগজ পাঠানো শেখাও হোয়াটসঅ্যাপে,send_file_whatsapp
বিকাসে টেকা দেওয়ার নিয়ম কী,send_money_bkash
বিকাশ   দিয়ে balance দিবো,recharge_mobile_bkash
মেসেঞ্জার কল কীভাবে হয়,call_messenger
কার নাম্বার কোথায়,find_contact
বিকাশে টেহা দিতে চাই,send_money_bkash
বিকাশে টেখা ফাটানোর বাটন কোথায়,send_money_bkash
কন্টাক্ট   search করো,find_contact
ওয়াইফাই  switch অন করো,turn_on_wifi
মোবাইল ডেটা চালু করো,turn_on_mobile_data
কল যাচ্ছে না মেসেঞ্জারে,call_messenger
কাগজ খেমতে পাডাই,send_file_whatsapp
হোয়াটসঅ্যাপ ফাইল,send_file_whatsapp
মেসেঞ্জারে কল করো,call_messenger
বিকাশ দিয়ে রিচার্জ কীভাবে করে,recharge_mobile_bkash
পটো কীভাবে শেয়ার করে,send_photo_whatsapp
বিকাশ থেকে টাকা পাঠাবো,send_money_bkash
বিকাশ   দিয়ে টেকা পাঠাতে চামু,send_money_bkash
নাম্বার রাখার উপায় কী,save_contact
নাম দিয়ে নাম্বর সেভ করিমু,save_contact
পিডিএফ  পাঠাবো ওয়াটসঅ্যাপ   এ,send_file_whatsapp
বিকাশ   এ রিচার্জ  দিতে চাই,recharge_mobile_bkash
নাম্বর কোথায় থাকে ফোনে,find_contact
কাগজ খেমতে পাঠাই,send_file_whatsapp
বিকাশ   থেকে রিচার্জ  হয় কীভাবে,recharge_mobile_bkash
নাম্বার সেভ করার বাটন কোথায়,save_contact
ফোনবুক,find_contact
বিকাশ দিয়ে রিচাজ দেখাও,recharge_mobile_bkash
কাগজ ফাটানো শেখাও হোয়াটসঅ্যাপে,send_file_whatsapp
লম্বর add করো ফোন এ,save_contact
হোয়াটসঅ্যাপ এ সবি ফাটাতে চাই,send_photo_whatsapp
নাম্বার add করো ফোন এ,save_contact
বিকাশে টেহা পাঠাবো,send_money_bkash
বিকাশ দিয়ে টাকা পাঠাতে চাই,send_money_bkash
টেহা খেমনে পাঠাই বিকাশে,send_money_bkash
বিগাসে টাকা পাঠানো হয় কিরাম,send_money_bkash
বিকাশে রিচাজ দিতে চাই,recharge_mobile_bkash
বিকাশে রিসার্জ দিতে চাই,recharge_mobile_bkash
ডেটা  অন  করবো কেমনে,turn_on_mobile_data
ইন্টারনেট অন হইছে না কেন,turn_on_mobile_data
এই চবিটা হোয়াটসঅ্যাপে পাঠাও,send_photo_whatsapp
অ্যাপ ইনস্টল হইছে না কেন,download_app
মোবাইলে টাহা ভরতে লাগে বিকাশ দিয়ে,recharge_mobile_bkash
ফডু পাঠাও তো,send_photo_whatsapp
কারো লামবার পাচ্ছি না,find_contact
লামবার সেভ করার নিয়ম দেখাও,save_contact
ওয়াটসঅ্যাপ ফাইল,send_file_whatsapp
বিকাশ   দিয়ে মোবাইল রিচার্জ  করবো,recharge_mobile_bkash
ডাউনলোড করার নিয়ম দেখাও,download_app
টাকা ফাটাবো বিকাশে,send_money_bkash
ডেটা কীভাবে চালু করি,turn_on_mobile_data
টেকা গেলো না কেন বিকাসে,send_money_bkash
বিকাশ দিয়ে টাহা দাও,send_money_bkash
ফডুটা দিয়ে দাও,send_photo_whatsapp
কন্টাক্ট খুঁজে দাও,find_contact
সিম এ নেট নেই,turn_on_mobile_data
ভিডিও কল করিমু মেসেঞ্জারে কীভাবে,call_messenger
কেমবে বিকাশে রিচার্জ দেওয়া যায়,recharge_mobile_bkash
ইমেজ  ফাটামু ওয়াটসঅ্যাপ   এ,send_photo_whatsapp
মোবাইলে টেখা ভরতে চাই বিকাশ দিয়ে,recharge_mobile_bkash
নতুন অ্যাপ নামাতে চাই,download_app
ফাইল  share করবো ওয়াটসঅ্যাপ   এ,send_file_whatsapp
মোবাইলে টেহা খেমনে ভরি,recharge_mobile_bkash
মেসেন্জার দিয়ে কথা বলবো,call_messenger
ইন্টারনেড নেই,turn_on_mobile_data
বিকাশ টেখা,send_money_bkash
লামবার রাখার উপায় কী,save_contact
ইন্টারনেড চালু করতে লাগে,turn_on_mobile_data
ইন্টারনেড খেমনে পাওয়া যায়,turn_on_mobile_data
অ্যাপ  install করার নিয়ম,download_app
ফাইল আপলোড করতে চাই,send_file_whatsapp
কন্টাক্ট   কোথায় থাকে,find_contact
লম্বর সেভ করার বাটন কোথায়,save_contact
হোয়াটস্যাপে ফডু গেলো না,send_photo_whatsapp
কেমবে মেসেঞ্জারে কথা বলা যায়,call_messenger
নতুন অ্যাপ  নামাতে লাগে,download_app
মেসেঞ্জার কল,call_messenger
মোবাইলের ডেটা চালু করবো খেমতে,turn_on_mobile_data
ইন্টারনেড সংযোগ করো,turn_on_mobile_data
ওয়াইফাই অন করো,turn_on_wifi
ছবি পাঠাও,send_photo_whatsapp
বিকাশ দিয়ে টেহা যাইছে না,send_money_bkash
রিচার্জ করার নিয়ম বিকাশে,recharge_mobile_bkash
ফাইল ফাটানো খেমতে হয় হোয়াটসঅ্যাপে,send_file_whatsapp
ডাউনলোট হইছে না কেন,download_app
নাম্বার বের করো,find_contact
নাম্বার কীভাবে সেভ করি,save_contact
বিকাশ থেকে টেখা ফাটামু,send_money_bkash
বিকাশ দিয়ে টেহা ফাটানো দেখাও,send_money_bkash
রিসার্জ করার নিয়ম বিকাসে,recharge_mobile_bkash
ওয়াইফাই  অন করতে লাগে,turn_on_wifi
চবি ফাটানো দেখাও,send_photo_whatsapp
ফাইল শেয়ার করিমু ওয়াটসঅ্যাপে,send_file_whatsapp
sim top up বিকাশ   দিয়ে,recharge_mobile_bkash
ফাইল যাইছে না কেন,send_file_whatsapp
ফাইল কীভাবে পাঠাই,send_file_whatsapp
কন্টাক্ট   ফাইন্‌ড্‌   করতে পারতেছিনা না,find_contact
হোয়াটস্যাপে কাগজ ফাডামু,send_file_whatsapp
বিকাশ   top up কেমনে,recharge_mobile_bkash
ফটো   ফাটাও হোয়াটসঅ্যাপে,send_photo_whatsapp
রিসার্জ করার নিয়ম বিগাসে,recharge_mobile_bkash
ফটো   সেন্ড  হরবো কীভাবে,send_photo_whatsapp
বিকাশ দিয়ে টাকা যাচ্ছে না,send_money_bkash
কনটাক লিস্ট কোথায়,find_contact
কন্টাক্ট নেই,find_contact
অ্যাপ  ডাউনলোড  করমু কীভাবে,download_app
ডকুমেন্ট ফাটাও,send_file_whatsapp
ওয়াইফাই,turn_on_wifi
ফডু ফাটানো শেখাও,send_photo_whatsapp
কন্টাক্ট তৈরি করো,save_contact
অ্যাপ ডাউনলোড হরবো কীভাবে,download_app
ফাইল কীভাবে দেওয়া যায়,send_file_whatsapp
টেকা বিকাশ,send_money_bkash
মেসেনজার কল,call_messenger
রিচাজ হচ্ছে না কেন,recharge_mobile_bkash
ফেসবুকে কল করিমু,call_messenger
মোবাইল টাহা শেষ রিচার্জ দাও,recharge_mobile_bkash
বিকাশে টাকা ফাডামু খেমতে জানো,send_money_bkash
ওয়াটসঅ্যাপে ফাইল ফাটাবো খেমতে,send_file_whatsapp
কীভাবে পটো পাঠাই হোয়াটসঅ্যাপে,send_photo_whatsapp
ফোনে লামবার রাখো,save_contact
বিকাসে পাঠিয়ে দাও,send_money_bkash
হোয়াটসঅ্যাপে সবি দেমু কীভাবে,send_photo_whatsapp
বিকাশ   এ টাকা দিতে চাই,send_money_bkash
টেকা ট্রান্সফার   করবো বিকাশ   এ,send_money_bkash
ওয়াইফাই অন করার উপায় বলো,turn_on_wifi
সিম এ নেট নেই কেমবে দেবো,turn_on_mobile_data
নাম্বর খোঁজো,find_contact
প্লে স্টোর কীভাবে খুলি,download_app
ফাইল যাচ্ছে না কেন,send_file_whatsapp
কল দিতাম পারছি না মেসেনজারে,call_messenger
ফাইল ফাটাও,send_file_whatsapp
মেসেনজারে কথা কীভাবে বলবো,call_messenger
বিকাশে টেহা দেওয়ার নিয়ম কী,send_money_bkash
ওয়াটসঅ্যাপ   এ ফোডো ফাটাবো,send_photo_whatsapp
বিকাশ   দিয়ে টাকা পাঠাতে চাই,send_money_bkash
বিকাশ   দিয়ে রিচার্জ  দাও,recharge_mobile_bkash
হোয়াটস্যাপ ফডু,send_photo_whatsapp
মোবাইল  রিচার্জ  বিকাশ   এ,recharge_mobile_bkash
ওয়াইফাই সংযোগ হইছে না,turn_on_wifi
বিগাসে টাকা দিতে চাই,send_money_bkash
কাগজ পাঠাও,send_file_whatsapp
বিকাশে টাকা পাঠাবো খেমতে জানো,send_money_bkash
ওয়াইফাই  চালু করবো কিরাম,turn_on_wifi
মেসেন্জারে অডিও কল কিরাম,call_messenger
রিচার্জ করার নিয়ম বিকাসে,recharge_mobile_bkash
টেহা কীভাবে পাঠাই বিকাশে,send_money_bkash
কন্টাক্ট বানাও,save_contact
ফোনে লম্বর রাখো,save_contact
বিকাশ টেকা ফাটানো,send_money_bkash
কনটাক কোথায় আছে,find_contact
ডেটা  চালু  করিমু,turn_on_mobile_data
ফাইল শেয়ার করমু হোয়াটসঅ্যাপে,send_file_whatsapp
ছবি কীভাবে পাঠাই,send_photo_whatsapp
ইন্টারনেড অন হইছে না কেন,turn_on_mobile_data
ওয়াইফাই  setting দেখাও,turn_on_wifi
বিকাশ   থেকে রিচার্জ  হয় কেমবে,recharge_mobile_bkash
ফোনে কারো নাম খুঁজবো,find_contact
ডেটা অন দেখাও,turn_on_mobile_data
সেভ হইছে না কেন,save_contact
বিকাশ   এ রিচার্জ  দিতে চামু,recharge_mobile_bkash
ওয়াইফাই  চালু হরবো কীভাবে,turn_on_wifi
ডকুমেন্ট কীভাবে পাঠাবো,send_file_whatsapp
রিসার্জ কোথায় দিমু,recharge_mobile_bkash
ওয়াটসঅ্যাপ   ফটো   খেমতে দেই,send_photo_whatsapp
বিগাসে রিসার্জ হয় কীভাবে,recharge_mobile_bkash
ডেটা অন করার বাটন কোথায়,turn_on_mobile_data
ওয়াইফাই  চালু করো,turn_on_wifi
চবি পাঠাতে পারতেছি না,send_photo_whatsapp
ফাইল  সেন্ড  করিমু ওয়াটসঅ্যাপ   এ,send_file_whatsapp
ছবিটা দিয়ে দাও,send_photo_whatsapp
ওয়াটসঅ্যাপ   এ ফাইল  পাটামু,send_file_whatsapp
বিকাশ দিয়ে রিচার্জ দাও,recharge_mobile_bkash
টেখা গেলো না কেন বিকাশে,send_money_bkash
মেসেঞ্জারে কল করবো খেমতে,call_messenger
ছবি যাচ্ছে না কেন,send_photo_whatsapp
ছবি দাও,send_photo_whatsapp
মেসেনজারে কথা বলতে চামু,call_messenger
অ্যাপ কীভাবে নামানো যায়,download_app
টাকা পাঠাও,send_money_bkash
বিকাসে টাকা ফাটানো শিখাও,send_money_bkash
মেসেঞ্জার রিং দাও,call_messenger
ফডু পাডাতে কী করতে হয়,send_photo_whatsapp
মোবাইলে টেহা কীভাবে ভরি,recharge_mobile_bkash
টেখা ট্রান্সফার   করবো বিকাশ   এ,send_money_bkash
নাম্বর সেভ,save_contact
router এ কানেক্ট করবো কীভাবে,turn_on_wifi
নাম্বর সেভ করো,save_contact
ওয়াইফাই  network কোথায়,turn_on_wifi
ডাউনলোড হইতেছে না কেন,download_app
ফোনে অ্যাপ কোথায় পামু,download_app
ফাইল পাঠানো কীভাবে হয় হোয়াটসঅ্যাপে,send_file_whatsapp
হোয়াটস্যাপ ফাইল,send_file_whatsapp
ছবি পাডাতে পারছি না,send_photo_whatsapp
ইন্টারনেট খেমনে চালু হবে,turn_on_mobile_data
নাম্বার কোথায় রাখি,save_contact
নাম্বার কোথায় থাকে ফোনে,find_contact
নাম্বার খেমতে সেভ হয়,save_contact
চবিটা,send_photo_whatsapp
মেসেন্জারে দিয়ে ফোন দিতাম চামু,call_messenger
ফোনে নাম্বর রাখো,save_contact
ফটো   পাঠাও হোয়াটস্যাপে,send_photo_whatsapp
টাহা পাঠাতে পারছি না বিকাশে,send_money_bkash
লামবার কিরাম সেভ হয়,save_contact
বিকাশ টাকা ফাটানো,send_money_bkash
ফটো   upload করিমু ওয়াটসঅ্যাপ   এ,send_photo_whatsapp
ওয়াইফাই খেমতে পাওয়া যায়,turn_on_wifi
কন্টাক্ট কেমবে বের করি,find_contact
ডকুমেন্ট পাঠানো হচ্ছে না,send_file_whatsapp
টাহা বিকাশ,send_money_bkash
fb call,call_messenger
রিচার্জ করতে পারছি না,recharge_mobile_bkash
হোয়াটসঅ্যাপে সবি দেমু কেমনে,send_photo_whatsapp
মোবাইলে টাকা ভরো,recharge_mobile_bkash
ওয়াইফাই অন হচ্ছে না,turn_on_wifi
মেসেন্জার কল,call_messenger
ওয়াইফাই  setting দেখাও,turn_on_wifi
বিকাশ দিয়ে মোবাইলে টেকা দেবো,recharge_mobile_bkash
ওয়াইফাই কীভাবে চালু করি,turn_on_wifi
ফোনে নামবার রাখবো,save_contact
ডেটা কেমনে চালু করি,turn_on_mobile_data
অ্যাপ খেমতে নামানো যায়,download_app
লামবার পাচ্ছি না কেন,find_contact
নতুন কন্টাগ বানাও,save_contact
বিকাশ থেকে রিচাজ হয় কীভাবে,recharge_mobile_bkash
বিকাশে টেখা পাঠানো হয় কীভাবে,send_money_bkash
খেমনে বিকাসে রিচার্জ দেওয়া যায়,recharge_mobile_bkash
ছবি পাঠাতে পারছি না,send_photo_whatsapp
মেসেঞ্জারে ভিডিও কল করতে চাই,call_messenger
বিকাশ   payment করবো,send_money_bkash
অ্যাপ  ডাউনলোড  করবো কেমনে,download_app
বিকাশে টাকা পাঠানোর বাটন কোথায়,send_money_bkash
ফটো   সেন্ড  করিমু কেমবে,send_photo_whatsapp
কিরাম নাম্বার খোঁজা যায়,find_contact
বিগাসে ফাটাও,send_money_bkash
রিচাজ হইতেছে না কেন,recharge_mobile_bkash
কন্টাক্ট   কেমবে খুঁজি,find_contact
নেট band হয়ে গেছে,turn_on_mobile_data
চবি দাও,send_photo_whatsapp
রিচার্জ হচ্ছে না কেন,recharge_mobile_bkash
ডকুমেন্ট ফাটানো হচ্ছে না,send_file_whatsapp
router এ কানেক্ট করিমু কেমনে,turn_on_wifi
এই চবিটা হোয়াটসঅ্যাপে ফাটাও,send_photo_whatsapp
টাহা গেলো না কেন বিকাশে,send_money_bkash
কন্টাক্ট   সেভ করতে চাই,save_contact
হোয়াটসঅ্যাপে ছবি কীভাবে পাঠাবো,send_photo_whatsapp
বিকাশ রিসার্জ,recharge_mobile_bkash
কনটাক সেভ করতে চাই,save_contact
বিগাসে রিচার্জ দিতাম চাই,recharge_mobile_bkash
খেমনে বিকাশে রিচার্জ দেওয়া যায়,recharge_mobile_bkash
কন্টাগ খুঁজতে লাগে,find_contact
সিম এ নেট নেই কেমনে দেবো,turn_on_mobile_data
নাম্বার সেভ করো,save_contact
মোবাইলে ব্যালেন্স নেই বিগাসে দাও,recharge_mobile_bkash
কাগজটা ফাটাও,send_file_whatsapp
ওয়াইফাই সংযোগ হইতেছে না,turn_on_wifi
ডেটা চালু হচ্ছে না,turn_on_mobile_data
হোয়াটসঅ্যাপে ফাইল পাঠাবো কীভাবে,send_file_whatsapp
ফাইল শেয়ার করিমু হোয়াটসঅ্যাপে,send_file_whatsapp
বিকাশ   payment হরবো,send_money_bkash
নামবার কীভাবে সেভ হয়,save_contact
বিকাশ দিয়ে রিচার্জ কেমবে করে,recharge_mobile_bkash
মোবাইলে ব্যালেন্স নেই বিকাশে দাও,recharge_mobile_bkash
নাম্বার নেই,find_contact
সবি পাঠানো কি সম্ভব,send_photo_whatsapp
ফোডো পাঠাও তো,send_photo_whatsapp
মেসেঞ্জার কল দেখাও,call_messenger
ছবি পাঠানো কি সম্ভব,send_photo_whatsapp
বিগাসে টাকা ফাটানো হয় কীভাবে,send_money_bkash
হোয়াটসঅ্যাপ ফোডো,send_photo_whatsapp
টাকা কত পাঠাবো বিগাসে,send_money_bkash
ফেসবুক দিয়ে কল হরবো,call_messenger
বিকাশ দিয়ে টাকা ফাটাতে চাই,send_money_bkash
ওয়াটসঅ্যাপ   ডকুমেন্ট  ,send_file_whatsapp
কীভাবে নাম্বার খোঁজা যায়,find_contact
ইন্টারনেড খেমতে পাওয়া যায়,turn_on_mobile_data
টাকা ট্রান্সফার   করমু বিকাশ   এ,send_money_bkash
নাম দিয়ে নামবার খুঁজবো,find_contact
অ্যাপ কীভাবে পাই,download_app
ওয়াইফাই কিরাম পাওয়া যায়,turn_on_wifi
নতুন অ্যাপ  নামাতে চাই,download_app
কেমবে মেসেন্জারে কথা বলা যায়,call_messenger
খেমনে ফডু পাডাই হোয়াটসঅ্যাপে,send_photo_whatsapp
internet চালু করো,turn_on_mobile_data
মোবাইলে টেখা ভরতে চামু বিকাশ দিয়ে,recharge_mobile_bkash
মেসেঞ্জারে ফোন দিতে চাই,call_messenger
টাকা পাঠাতে পারছি না বিকাশে,send_money_bkash
বিকাশ   দিয়ে টাকা ফাটাতে চাই,send_money_bkash
কন্টাক্ট   list দেখাও,find_contact
টেখা ট্রান্সফার   করার নিয়ম বিকাশ   এ,send_money_bkash
অ্যাপ ডাউনলোড করমু কেমনে,download_app
ইন্টারনেট সংযোগ করো,turn_on_mobile_data
ওয়াইফাই switch অন করো,turn_on_wifi
ডকুমেন্ট ফাটাতে কী করতে হয়,send_file_whatsapp
বিকাশে রিসার্জ হয় কীভাবে,recharge_mobile_bkash
ছবি পাঠানোর নিয়ম কী,send_photo_whatsapp
নতুন কন্টাগ,save_contact
বিকাশ থেকে রিচাজ হয় খেমনে,recharge_mobile_bkash
কারো নাম্বার খুঁজছি,find_contact
কল দিতে পারতেছি না মেসেন্জারে,call_messenger
কল যাইছে না মেসেঞ্জারে,call_messenger
ফোডো,send_photo_whatsapp
হোয়াটসঅ্যাপে ফাইল ফাটাবো খেমতে,send_file_whatsapp
প্লে স্টোর থেকে নামাও,download_app
মেসেঞ্জারে অডিও কল কিরাম,call_messenger
কন্টাক্ট   ফাইন্‌ড্‌   করতে পারছিনা না,find_contact
হোয়াটসঅ্যাপ এ ছবি ফাটাতে চাই,send_photo_whatsapp
বিকাশ দিয়ে রিচাজ দাও,recharge_mobile_bkash
মেসেঞ্জারে কল করিমু খেমতে,call_messenger
ফডু কীভাবে পাঠাই,send_photo_whatsapp
বিকাশ   এ টেখা দিতে চাই,send_money_bkash
বিগাসে টেহা পাঠাবো,send_money_bkash
google play থেকে অ্যাপ  চামু,download_app
রিসার্জ করতে পারতেছি না,recharge_mobile_bkash
বিকাশ টাহা,send_money_bkash
বিকাশ থেকে রিসার্জ হয় কেমবে,recharge_mobile_bkash
ওয়াটসঅ্যাপ এ সবি ফাটাতে চাই,send_photo_whatsapp
ফাইল  সেন্ড  করবো ওয়াটসঅ্যাপ   এ,send_file_whatsapp
বিকাশ   top up কিরাম,recharge_mobile_bkash
ফেসবুকে কল করবো,call_messenger
ওয়াইফাই  কানেক্ট করো,turn_on_wifi
হোয়াটসঅ্যাপ চবি ফাটাও,send_photo_whatsapp
কন্টাক্ট কীভাবে খুঁজি,find_contact
মেসেন্জারে audio call কীভাবে,call_messenger
বিকাশ দিয়ে টেকা পাঠানো যায় কিরাম,send_money_bkash
ইন্টারনেড খেমনে চালু হবে,turn_on_mobile_data
নাম দিয়ে লামবার সেভ করিমু,save_contact
অ্যাপ  ডাউনলোড  করবো কীভাবে,download_app
অ্যাপ ইনস্টল করার নিয়ম,download_app
বিকাশ থেকে রিচার্জ হয় কেমবে,recharge_mobile_bkash
বিকাশ টাহা ফাটানো,send_money_bkash
প্লে স্টোর,download_app
ডেটা চালু হইতেছে না,turn_on_mobile_data
অ্যাপ ইনস্টল করো,download_app
নতুন কন্টাগ যোগ করো,save_contact
বিকাসে টেখা ফাটানো শিখাও,send_money_bkash
ওয়াইফাই  অন করতে চামু,turn_on_wifi
টাহা ফাটাও,send_money_bkash
প্লে স্টোর খেমনে যাই,download_app
ফডু দিতে চামু কাউকে,send_photo_whatsapp
ফাইল,send_file_whatsapp
টেখা পাঠাও,send_money_bkash
ওয়াইফাই চালু,turn_on_wifi
কনটাক সেভ করতে চামু,save_contact
নামবার কোথায় আছে,find_contact
ছবি শেয়ার করো,send_photo_whatsapp
চবি সেন্ড  করো,send_photo_whatsapp
বিগাসে টেখা পাঠানো হয় কিরাম,send_money_bkash
বিকাশ দিয়ে টেহা পাঠাতে চাই,send_money_bkash
অ্যাপ  ডাউনলোড  করিমু খেমনে,download_app
লম্বর রাখার উপায় কী,save_contact
বিগাসে রিচার্জ করার বাটন কোথায়,recharge_mobile_bkash
নেট দাও,turn_on_mobile_data
ওয়াইফাই কখন আসবে,turn_on_wifi
নতুন লম্বর লিখে রাখো,save_contact
ফাইল পাডাতে চাই হোয়াটসঅ্যাপে,send_file_whatsapp
router এ কানেক্ট হরবো কেমবে,turn_on_wifi
ফাইল ফাটানো কিরাম হয় হোয়াটসঅ্যাপে,send_file_whatsapp
মোবাইলে টাকা নেই,recharge_mobile_bkash
বিকাশ   দিয়ে টাহা ফাটাতে চাই,send_money_bkash
facebook মেসেন্জারে এ call দেমু,call_messenger
টাহা কত ফাডামু বিকাশে,send_money_bkash
রিচাজ দরকার,recharge_mobile_bkash
ওয়াইফাই  switch অন করো,turn_on_wifi
ওয়াটসঅ্যাপ   এ ফাইল  সেন্ড  হইছে না,send_file_whatsapp
হোয়াটসঅ্যাপ ফোডো পাঠাও,send_photo_whatsapp
প্লে স্টোর কেমনে যাই,download_app
টাকা খেমনে পাঠাই বিকাশে,send_money_bkash
বিকাশ দিয়ে রিচার্জ কিরাম করে,recharge_mobile_bkash
ফাইল যাইতেছে না কেন,send_file_whatsapp
বিকাশ   থেকে রিচার্জ  হয় কেমনে,recharge_mobile_bkash
অ্যাপ,download_app
ওয়াটসঅ্যাপ   এ ফটো   share করো,send_photo_whatsapp
ওয়াটসঅ্যাপে ছবি দেবো কেমবে,send_photo_whatsapp
নামবার কীভাবে সেভ করি,save_contact
ফডু ফাটানো দেখাও,send_photo_whatsapp
ইন্টারনেড চালু করতে চামু,turn_on_mobile_data
সিম এ রিচাজ দেবো বিকাশ থেকে,recharge_mobile_bkash
router এ কানেক্ট করমু কীভাবে,turn_on_wifi
ওয়াইফাই দিয়ে ইন্টারনেট চালাবো,turn_on_wifi
ফোন book এ নাম্বার নেই,find_contact
লম্বর পাচ্ছি না কেন,find_contact
বিকাশ টাকা,send_money_bkash
ওয়াটসঅ্যাপ   এ ফাইল  সেন্ড  হচ্ছে না,send_file_whatsapp
অ্যাপ নামাও,download_app
টাকা ট্রান্সফার   করার নিয়ম বিকাশ   এ,send_money_bkash
কন্টাক্ট   add করিমু কেমনে,save_contact
নাম দিয়ে নাম্বার সেভ করিমু,save_contact
বিকাশ   দিয়ে মোবাইল রিচার্জ  হরবো,recharge_mobile_bkash
বিকাশ   top up কীভাবে,recharge_mobile_bkash
ফাইল গেলো না,send_file_whatsapp
ফোডো যাচ্ছে না কেন,send_photo_whatsapp
কনটাক লিস্ট দেখাও,find_contact
মোবাইলের ডেটা চালু করবো কীভাবে,turn_on_mobile_data
বিগাসে টাকা দিতাম চাই,send_money_bkash
ইন্টারনেট চালু করতে চামু,turn_on_mobile_data
নাম্বার দেখতে চাই ফোনে,find_contact
ডকুমেন্ট কীভাবে পাটামু,send_file_whatsapp
বিকাশ দিয়ে মোবাইলে টেখা দেমু,recharge_mobile_bkash
নাম্বার খুঁজে পাচ্ছি না,find_contact
কীভাবে মেসেঞ্জারে কথা বলা যায়,call_messenger
ডেটা চালু হইছে না,turn_on_mobile_data
কন্টাক্ট খুঁজতে লাগে,find_contact
অ্যাপ  ডাউনলোড  হইতেছে না,download_app
অ্যাপ ডাউনলোড করবো কীভাবে,download_app
বিকাশ থেকে টাকা পাটামু,send_money_bkash
কোথায় পাবো নতুন অ্যাপ,download_app
ডকুমেন্ট   পাঠাবো ওয়াটসঅ্যাপ   এ,send_file_whatsapp
বিকাশ   সেন্ড  মানি   কেমনে,send_money_bkash
নেট বন্ধ,turn_on_mobile_data
ফটো   সেন্ড  করিমু কিরাম,send_photo_whatsapp
মেসেঞ্জারে কথা বলতে চামু,call_messenger
কন্টাক্ট খেমতে বের করি,find_contact
কাগজ ফাটানো শেখাও ওয়াটসঅ্যাপে,send_file_whatsapp
নাম্বার সেভ হরবো কেমবে,save_contact
ওয়াইফাই সংযোগ করতে চাই,turn_on_wifi
অ্যাপ ইনস্টল হচ্ছে না কেন,download_app
রিসার্জ হইতেছে না কেন,recharge_mobile_bkash
মোবাইল টাহা শেষ রিসার্জ দাও,recharge_mobile_bkash
এই ছবি কীভাবে পাঠাবো বুঝছি না,send_photo_whatsapp
কন্টাক্ট   ফাইন্‌ড্‌   করতে পারতেছি না,find_contact
ডকুমেন্ট পাঠাও,send_file_whatsapp
এই ফোডোটা পাঠিয়ে দিন,send_photo_whatsapp
বিকাশ   এ টেহা দিতাম লাগে,send_money_bkash
ফোনে লামবার রাখবো,save_contact
টাকা পাঠাও বিকাশ  ,send_money_bkash
ডকুমেন্ট ফাটাও এখনই,send_file_whatsapp
বিকাশ   এ payment হইছে না,send_money_bkash
টাকা পাঠাতে পারছি না বিগাসে,send_money_bkash
ওয়াটসঅ্যাপে কাগজ পাটামু,send_file_whatsapp
বিকাশে টাকা দেওয়ার নিয়ম কী,send_money_bkash
ওয়াটসঅ্যাপ   এ ছবি পাঠাবো,send_photo_whatsapp
খেমতে অ্যাপ ইনস্টল করে,download_app
মেসেন্জার,call_messenger
ফডুটা,send_photo_whatsapp
ওয়াইফাই চালু করো,turn_on_wifi
ফডু দিতাম চামু কাউকে,send_photo_whatsapp
ওয়াটসঅ্যাপে কাগজ দেওয়ার নিয়ম,send_file_whatsapp
সিম এ রিচার্জ দেবো বিকাশ থেকে,recharge_mobile_bkash
বিকাসে টাকা দেওয়ার নিয়ম কী,send_money_bkash
লম্বর বের করো,find_contact
কারো লম্বর খুঁজছি,find_contact
ফডু পাঠানো শেখাও,send_photo_whatsapp
নতুন অ্যাপ চাই কোথায় আছে,download_app
মোবাইল টেকা শেষ রিচার্জ দাও,recharge_mobile_bkash
বিকাশ দিয়ে রিচার্জ দেখাও,recharge_mobile_bkash
ওয়াটসঅ্যাপে ফোডো কোথায় যায়,send_photo_whatsapp
নতুন কনটাক যোগ করো,save_contact
