text,intent
whatsapp e chobi pathabo,send_photo_whatsapp
whatsap e foto fatabo,send_photo_whatsapp
whatsapp e fodu fadamu,send_photo_whatsapp
whatsapp  e chobi patamu,send_photo_whatsapp
whatsapp e sobi fatabo,send_photo_whatsapp
whatsapp  e fodu fadamu,send_photo_whatsapp
whatsapp e fodu patamu,send_photo_whatsapp
whatsapp  e foto fatabo,send_photo_whatsapp
whatsapp e foto fatabo,send_photo_whatsapp
whatsapp e fodu fadamu,send_photo_whatsapp
whatsapp e sobi fatabo,send_photo_whatsapp
whatsapp e chobi patamu,send_photo_whatsapp
whatsapp e foto fatabo,send_photo_whatsapp
whatsapp e chobi fatabo,send_photo_whatsapp
whatsapp  e fodu patamu,send_photo_whatsapp
whatsapp e foto patamu,send_photo_whatsapp
whatsapp  e foto patamu,send_photo_whatsapp
whatsap e chobi fadamu,send_photo_whatsapp
whatsapp  e fodu patamu,send_photo_whatsapp
whatsapp  e fodu fatabo,send_photo_whatsapp
whatsapp e fodu fadamu,send_photo_whatsapp
হোয়াটসঅ্যাপে ছবি পাঠাতে চাই,send_photo_whatsapp
হোয়াটসঅ্যাপে ছবি পাঠাত চাই,send_photo_whatsapp
হোয়াটসঅ্যাপে ছবি পাঠাতে চাই,send_photo_whatsapp
হোয়াটসঅ্যাপে ছবি পাঠাতে চাই,send_photo_whatsapp
হোয়াটসঅ্যাপে ছবি পাঠাত চাই,send_photo_whatsapp
হোয়াটসঅ্যাপে ছবি পাঠাতে চাই,send_photo_whatsapp
হোয়াটসঅ্যাপ ছবি পাঠাতে চাই,send_photo_whatsapp
হোয়াটসঅ্যাপে ছবি পাঠাতে চাই,send_photo_whatsapp
হোয়াটসঅ্যাপে ছবি পাঠাতে চাই,send_photo_whatsapp
হোয়াটসঅ্যাপে ছবি পাঠাতে চাই,send_photo_whatsapp
হোয়াটসঅ্যাপে ছবি পাঠাতে চাই,send_photo_whatsapp
হোয়াটসঅ্যাপে ছবি পাঠাতে চাই,send_photo_whatsapp
হোয়াটসঅ্যাপে ছবি পাঠাত চাই,send_photo_whatsapp
হোয়াটসঅ্যাপে ছবি পাঠাতে চাই,send_photo_whatsapp
হোয়াটসঅ্যাপে ছবি পাঠাতে চাই,send_photo_whatsapp
হোয়াটসঅ্যাপে ছবি পাঠাতে চাই,send_photo_whatsapp
হোয়াটসঅ্যাপে ছবি পাঠাতে চাই,send_photo_whatsapp
হোয়াটসঅ্যাপে ছবি পাঠাতে চাই,send_photo_whatsapp
হোয়াটসঅ্যাপে ছবি পাঠাতে চাই,send_photo_whatsapp
হোয়াটসঅ্যাপে ছবি পাঠাতে চাই,send_photo_whatsapp
হোয়াটসঅ্যাপে ছবি পাঠাতে চাই,send_photo_whatsapp
whatsapp e photo pathao,send_photo_whatsapp
whatsapp e photo patha,send_photo_whatsapp
whatsapp e photo patha,send_photo_whatsapp
whatsapp  e photo pathao,send_photo_whatsapp
whatsapp  e phot pathao,send_photo_whatsapp
whatsapp e phot pathao,send_photo_whatsapp
whatsapp  e phot patha,send_photo_whatsapp
whatsapp e phot pathao,send_photo_whatsapp
whatsap e phot patha,send_photo_whatsapp
whatsapp e photo pathao,send_photo_whatsapp
whatsapp e photo pathao,send_photo_whatsapp
whatsapp e photo pathao,send_photo_whatsapp
whatsapp e photo pathao,send_photo_whatsapp
whatsapp e photo pathao,send_photo_whatsapp
whatsapp  e photo pathao,send_photo_whatsapp
whatsapp e phot patha,send_photo_whatsapp
whatsapp e photo pathao,send_photo_whatsapp
whatsapp  e phot pathao,send_photo_whatsapp
whatsapp e photo pathao,send_photo_whatsapp
whatsapp e phot patha,send_photo_whatsapp
whatsapp e photo pathao,send_photo_whatsapp
whatsapp e chobi kivabe pathabo,send_photo_whatsapp
whatsap e sobi kiram fatabo,send_photo_whatsapp
whatsapp e fodu kiram fatabo,send_photo_whatsapp
whatsapp e fodu khemne fatabo,send_photo_whatsapp
whatsapp e chobi khemne fatabo,send_photo_whatsapp
whatsapp e chobi khemne fadamu,send_photo_whatsapp
whatsapp e foto kemne fatabo,send_photo_whatsapp
whatsap  e sobi kiram patamu,send_photo_whatsapp
whatsapp e fodu khemne patamu,send_photo_whatsapp
whatsap  e fodu kiram patamu,send_photo_whatsapp
whatsap e sobi kiram fatabo,send_photo_whatsapp
whatsapp e sobi khemne fatabo,send_photo_whatsapp
whatsapp e fodu kemne fadamu,send_photo_whatsapp
whatsapp  e sobi k emn e fatabo,send_photo_whatsapp
whatsapp e chobi kiram fadamu,send_photo_whatsapp
whatsap e fodu khemne patamu,send_photo_whatsapp
whatsapp  e chobi k emn e patamu,send_photo_whatsapp
whatsapp e chobi kiram fatabo,send_photo_whatsapp
whatsapp  e foto kiram fatabo,send_photo_whatsapp
whatsap e chobi kemne fatabo,send_photo_whatsapp
whatsapp e chobi kemne patamu,send_photo_whatsapp
ekta chobi whatsapp e dite chai,send_photo_whatsapp
ekta sobi whatsapp e dite chai,send_photo_whatsapp
ekt sobi whatsapp e dite chai,send_photo_whatsapp
 ekta chobi whatsapp  e dit e chai,send_photo_whatsapp
ekta chobi whatsapp e dit chai,send_photo_whatsapp
ekt chobi whatsapp e dite cha,send_photo_whatsapp
 ekta sobi whatsapp  e dit e chai,send_photo_whatsapp
 ekta chobi whatsapp  e dit cha,send_photo_whatsapp
ekt foto whatsapp e dite chai,send_photo_whatsapp
 ekta foto whatsapp  e dit e cha,send_photo_whatsapp
 ekta fodu whatsap  e dit e chai,send_photo_whatsapp
 ekta chobi whatsap  e dit cha,send_photo_whatsapp
ekta foto whatsapp e dite chai,send_photo_whatsapp
 ekta foto whatsap  e dit e chai,send_photo_whatsapp
ekt foto whatsap e dit chai,send_photo_whatsapp
ekta chobi whatsapp e dite chai,send_photo_whatsapp
ekta foto whatsapp e dite chai,send_photo_whatsapp
 ekta chobi whatsapp  e dit e chai,send_photo_whatsapp
ekt sobi whatsap e dite chai,send_photo_whatsapp
ekta sobi whatsapp e dite cha,send_photo_whatsapp
ekta foto whatsapp e dit chai,send_photo_whatsapp
mobile data on koro,mobile_data_on
mobile data on koro,mobile_data_on
mobil e data on koro,mobile_data_on
mobile data on koro,mobile_data_on
mobile data on kor,mobile_data_on
mobile dat on koro,mobile_data_on
mobile data on kor,mobile_data_on
mobile dat on kor,mobile_data_on
mobile dat on koro,mobile_data_on
mobile data on koro,mobile_data_on
mobile data on koro,mobile_data_on
mobile dat on koro,mobile_data_on
mobile data on koro,mobile_data_on
mobil data on koro,mobile_data_on
mobile data on koro,mobile_data_on
mobil data on koro,mobile_data_on
mobile data on kor,mobile_data_on
mobil e dat on koro,mobile_data_on
mobil e data on koro,mobile_data_on
mobile data on koro,mobile_data_on
mobil data on koro,mobile_data_on
ডাটা চালু করো,mobile_data_on
ডাটা চাল করো,mobile_data_on
ডাটা চালু করো,mobile_data_on
ডাটা চালু করো,mobile_data_on
ডাটা চাল করো,mobile_data_on
ডাটা চাল করো,mobile_data_on
ডাটা চালু করো,mobile_data_on
ডাটা চালু করো,mobile_data_on
ডাটা চাল করো,mobile_data_on
ডাটা চালু করো,mobile_data_on
ডাটা চাল করো,mobile_data_on
ডাটা চাল করো,mobile_data_on
ডাটা চাল করো,mobile_data_on
ডাটা চালু করো,mobile_data_on
ডাটা চালু করো,mobile_data_on
ডাটা চালু করো,mobile_data_on
ডাটা চালু করো,mobile_data_on
ডাটা চালু করো,mobile_data_on
ডাটা চালু করো,mobile_data_on
ডাট চাল করো,mobile_data_on
ডাটা চাল করো,mobile_data_on
neta chalu korte chai,mobile_data_on
net chalu korte chai,mobile_data_on
neta chal kort chai,mobile_data_on
n eta chal kort e cha,mobile_data_on
neta chalu korte chai,mobile_data_on
n eta chalu kort e chai,mobile_data_on
net chalu korte cha,mobile_data_on
neta chal korte chai,mobile_data_on
n eta chal kort e chai,mobile_data_on
net chalu korte cha,mobile_data_on
neta chal kort chai,mobile_data_on
neta chalu korte chai,mobile_data_on
neta chalu kort chai,mobile_data_on
net chalu korte cha,mobile_data_on
n eta chalu kort e cha,mobile_data_on
n eta chalu kort e chai,mobile_data_on
n et chalu kort e chai,mobile_data_on
neta chal korte chai,mobile_data_on
neta chal korte chai,mobile_data_on
neta chal korte chai,mobile_data_on
net chalu kort cha,mobile_data_on
internet on koro,mobile_data_on
internet on kor,mobile_data_on
int ern et on koro,mobile_data_on
int ern et on koro,mobile_data_on
internet on kor,mobile_data_on
int ern et on kor,mobile_data_on
internet on koro,mobile_data_on
internet on koro,mobile_data_on
int ern et on koro,mobile_data_on
int ern et on koro,mobile_data_on
internet on koro,mobile_data_on
int ern et on kor,mobile_data_on
int ern et on koro,mobile_data_on
int ern e on koro,mobile_data_on
int ern et on koro,mobile_data_on
internet on koro,mobile_data_on
internet on koro,mobile_data_on
int ern et on koro,mobile_data_on
interne on kor,mobile_data_on
int ern et on koro,mobile_data_on
internet on kor,mobile_data_on
data kivabe on korbo,mobile_data_on
dat khemne on korb,mobile_data_on
data kemne on korbo,mobile_data_on
data kiram on korbo,mobile_data_on
data kh emn e on korb,mobile_data_on
data k emn e on korb,mobile_data_on
data khemne on korbo,mobile_data_on
data kiram on korbo,mobile_data_on
data kiram on korb,mobile_data_on
data kh emn e on korbo,mobile_data_on
data khemne on korbo,mobile_data_on
data kiram on korbo,mobile_data_on
data kemne on korbo,mobile_data_on
data khemne on korb,mobile_data_on
data khemne on korb,mobile_data_on
dat kh emn e on korbo,mobile_data_on
dat k emn e on korbo,mobile_data_on
data k emn e on korb,mobile_data_on
data kemne on korbo,mobile_data_on
data kiram on korbo,mobile_data_on
data khemne on korbo,mobile_data_on
bkash e taka pathabo,send_money_bkash
bkash e takha patamu,send_money_bkash
bkash  e takha patamu,send_money_bkash
bkash e takha fadamu,send_money_bkash
bkash  e t eha fatabo,send_money_bkash
bkas  e t eka patamu,send_money_bkash
bkash e takha fadamu,send_money_bkash
bkas  e t eha fadamu,send_money_bkash
bkash e teka fatabo,send_money_bkash
bkas  e takha fatabo,send_money_bkash
bkas e takha fadamu,send_money_bkash
bkash e takha fatabo,send_money_bkash
bkash e takha fadamu,send_money_bkash
bkash e teha fatabo,send_money_bkash
bkash e teha fadamu,send_money_bkash
bkash  e t eha patamu,send_money_bkash
bkash  e t eha patamu,send_money_bkash
bkash e teha fadamu,send_money_bkash
bkash e teha patamu,send_money_bkash
bkash e takha patamu,send_money_bkash
bkash e takha fatabo,send_money_bkash
বিকাশে টাকা পাঠাতে চাই,send_money_bkash
বিকাশে টাকা পাঠাতে চাই,send_money_bkash
বিকাশে টাক পাঠাতে চাই,send_money_bkash
বিকাশে টাকা পাঠাতে চাই,send_money_bkash
বিকাশে টাকা পাঠাতে চাই,send_money_bkash
বিকাশে টাকা পাঠাতে চাই,send_money_bkash
বিকাশে টাকা পাঠাত চাই,send_money_bkash
বিকাশ টাকা পাঠাতে চাই,send_money_bkash
বিকাশ টাক পাঠাতে চাই,send_money_bkash
বিকাশে টাকা পাঠাতে চাই,send_money_bkash
বিকাশ টাকা পাঠাতে চাই,send_money_bkash
বিকাশে টাকা পাঠাতে চাই,send_money_bkash
বিকাশে টাকা পাঠাতে চাই,send_money_bkash
বিকাশে টাকা পাঠাতে চাই,send_money_bkash
বিকাশে টাকা পাঠাতে চাই,send_money_bkash
বিকাশ টাকা পাঠাত চাই,send_money_bkash
বিকাশে টাকা পাঠাতে চাই,send_money_bkash
বিকাশ টাকা পাঠাত চাই,send_money_bkash
বিকাশে টাকা পাঠাতে চাই,send_money_bkash
বিকাশে টাকা পাঠাত চাই,send_money_bkash
বিকাশে টাক পাঠাতে চাই,send_money_bkash
bkash e taka dao,send_money_bkash
bkas e takha dao,send_money_bkash
bkas e takha dao,send_money_bkash
bkash e teka dao,send_money_bkash
bkas e teha dao,send_money_bkash
bkas e teha dao,send_money_bkash
bkash  e t eha dao,send_money_bkash
bkash  e t eha dao,send_money_bkash
bkash e takha dao,send_money_bkash
bkash  e takha dao,send_money_bkash
bkash e teha dao,send_money_bkash
bkash e teka dao,send_money_bkash
bkash e teka dao,send_money_bkash
bkash e teha dao,send_money_bkash
bkash e teka dao,send_money_bkash
bkash e takha dao,send_money_bkash
bkash e teka dao,send_money_bkash
bkash e teha dao,send_money_bkash
bkash e teha dao,send_money_bkash
bkash e teka dao,send_money_bkash
bkash e teha dao,send_money_bkash
bkash e taka kivabe pathai,send_money_bkash
bkash e takha khemne pathai,send_money_bkash
bkash  e takha k emn e pathai,send_money_bkash
bkas  e takha kiram patha,send_money_bkash
bkash e teha khemne pathai,send_money_bkash
bkash e teka kiram pathai,send_money_bkash
bkash e teha kemne pathai,send_money_bkash
bkash e teka kiram pathai,send_money_bkash
bkash e teha kemne patha,send_money_bkash
bkash e takha kiram pathai,send_money_bkash
bkash e takha kiram pathai,send_money_bkash
bkash  e t eka k emn e pathai,send_money_bkash
bkash e takha kemne patha,send_money_bkash
bkash e teha khemne pathai,send_money_bkash
bkash e teha kiram pathai,send_money_bkash
bkash e teha kiram pathai,send_money_bkash
bkash e teha khemne pathai,send_money_bkash
bkash e teka kemne pathai,send_money_bkash
bkash e teha khemne patha,send_money_bkash
bkash e takha kemne pathai,send_money_bkash
bkash  e takha kiram pathai,send_money_bkash
bkash diye taka dite chai,send_money_bkash
bkas diy teha dite chai,send_money_bkash
bkash diye teha dite cha,send_money_bkash
bkash diye takha dite chai,send_money_bkash
bkash diye teka dite chai,send_money_bkash
bkash diye takha dite cha,send_money_bkash
bkash diye teha dite cha,send_money_bkash
bkas diy teha dite chai,send_money_bkash
bkash diye takha dit chai,send_money_bkash
bkash diye takha dite chai,send_money_bkash
bkash diye takha dit chai,send_money_bkash
bkash diye teha dite chai,send_money_bkash
bkash diye teka dite chai,send_money_bkash
bkas diy e t eka dit e chai,send_money_bkash
bkas diye teka dite chai,send_money_bkash
bkash diye takha dite chai,send_money_bkash
bkash diye takha dite chai,send_money_bkash
bkas diy teka dit cha,send_money_bkash
bkas diye takha dite chai,send_money_bkash
bkash diye teka dite chai,send_money_bkash
bkash diy e t eka dit chai,send_money_bkash
bkash diye recharge korbo,recharge_bkash
bkas diy r echarg e korbo,recharge_bkash
bkash diy recharge korb,recharge_bkash
bkash diy r echarg e korb,recharge_bkash
bkash diy e r echarg e korb,recharge_bkash
bkas diye recharge korbo,recharge_bkash
bkash diye recharge korbo,recharge_bkash
bkash diy recharge korbo,recharge_bkash
bkash diy r echarg e korb,recharge_bkash
bkash diy e r echarg e korbo,recharge_bkash
bkash diye recharge korbo,recharge_bkash
bkash diye recharg korbo,recharge_bkash
bkash diye recharge korbo,recharge_bkash
bkash diy recharge korb,recharge_bkash
bkash diy recharge korbo,recharge_bkash
bkash diy e r echarg korbo,recharge_bkash
bkas diy e r echarg korb,recharge_bkash
bkas diye recharg korbo,recharge_bkash
bkas diy recharge korbo,recharge_bkash
bkash diye recharg korbo,recharge_bkash
bkash diye recharg korb,recharge_bkash
bkash e mobile recharge chai,recharge_bkash
bkash  e mobil e r echarg e chai,recharge_bkash
bkash e mobile recharge chai,recharge_bkash
bkas e mobile recharge chai,recharge_bkash
bkash e mobile recharg cha,recharge_bkash
bkash  e mobil e r echarg e chai,recharge_bkash
bkash e mobile recharge chai,recharge_bkash
bkash e mobile recharge chai,recharge_bkash
bkash e mobile recharge cha,recharge_bkash
bkas e mobil recharge chai,recharge_bkash
bkash e mobile recharge cha,recharge_bkash
bkas  e mobil e r echarg e chai,recharge_bkash
bkash e mobile recharg chai,recharge_bkash
bkash  e mobil e r echarg e chai,recharge_bkash
bkash e mobil recharge chai,recharge_bkash
bkash e mobile recharge chai,recharge_bkash
bkash e mobile recharge chai,recharge_bkash
bkash  e mobil e r echarg e chai,recharge_bkash
bkash e mobile recharge cha,recharge_bkash
bkash e mobil recharg cha,recharge_bkash
bkas e mobil recharge cha,recharge_bkash
bkash e load dao,recharge_bkash
bkash e load dao,recharge_bkash
bkash e load dao,recharge_bkash
bkash e load dao,recharge_bkash
bkash  e load dao,recharge_bkash
bkas  e load dao,recharge_bkash
bkash e load dao,recharge_bkash
bkas e load dao,recharge_bkash
bkash  e load dao,recharge_bkash
bkash  e load dao,recharge_bkash
bkash e load dao,recharge_bkash
bkash  e load dao,recharge_bkash
bkash e load dao,recharge_bkash
bkash e load dao,recharge_bkash
bkash e load dao,recharge_bkash
bkash  e load dao,recharge_bkash
bkash e load dao,recharge_bkash
bkas e loa dao,recharge_bkash
bkash e load dao,recharge_bkash
bkash e load dao,recharge_bkash
bkash e loa dao,recharge_bkash
recharge kivabe korbo bkash e,recharge_bkash
recharge khemne korb bkash e,recharge_bkash
recharge kiram korbo bkash e,recharge_bkash
recharge kemne korb bkash e,recharge_bkash
recharge khemne korb bkash e,recharge_bkash
recharge kiram korbo bkas e,recharge_bkash
r echarg e kh emn e korbo bkas  e,recharge_bkash
recharge kemne korbo bkash e,recharge_bkash
recharg kemne korbo bkash e,recharge_bkash
recharge khemne korbo bkash e,recharge_bkash
recharge kemne korbo bkash e,recharge_bkash
recharge kemne korbo bkash e,recharge_bkash
recharge kemne korbo bkas e,recharge_bkash
recharg kemne korbo bkash e,recharge_bkash
recharge khemne korb bkash e,recharge_bkash
r echarg e kh emn e korbo bkash  e,recharge_bkash
r echarg e kiram korbo bkash  e,recharge_bkash
recharg kiram korb bkash e,recharge_bkash
recharg kiram korbo bkash e,recharge_bkash
recharge kemne korb bkas e,recharge_bkash
recharge kemne korb bkash e,recharge_bkash
bkash diye flexiload dite chai,recharge_bkash
bkas diy e fl exiload dit e chai,recharge_bkash
bkas diye flexiload dite cha,recharge_bkash
bkash diy e fl exiload dit e chai,recharge_bkash
bkash diye flexiload dite chai,recharge_bkash
bkas diye flexiload dite chai,recharge_bkash
bkas diye flexiload dite chai,recharge_bkash
bkash diye flexiload dite chai,recharge_bkash
bkash diy flexiloa dite chai,recharge_bkash
bkash diye flexiload dite cha,recharge_bkash
bkash diy e fl exiload dit e chai,recharge_bkash
bkash diye flexiload dite chai,recharge_bkash
bkas diy e fl exiloa dit e chai,recharge_bkash
bkas diy e fl exiloa dit e chai,recharge_bkash
bkash diye flexiload dite chai,recharge_bkash
bkas diye flexiload dit chai,recharge_bkash
bkash diye flexiload dite chai,recharge_bkash
bkash diye flexiload dite chai,recharge_bkash
bkash diye flexiload dite chai,recharge_bkash
bkash diy fl exiload dit chai,recharge_bkash
bkash diy flexiloa dite chai,recharge_bkash
contact ta khuje dao,find_contact
contac ta khuj e dao,find_contact
contact ta khuj dao,find_contact
contact ta khuje dao,find_contact
contact ta khuj e dao,find_contact
contact ta khuje dao,find_contact
contac ta khuje dao,find_contact
contact ta khuj dao,find_contact
contact ta khuj e dao,find_contact
contac ta khuj e dao,find_contact
contact ta khuj e dao,find_contact
contact ta khuje dao,find_contact
contact ta khuj dao,find_contact
contact ta khuj dao,find_contact
contact ta khuj e dao,find_contact
contact ta khuj e dao,find_contact
contact ta khuje dao,find_contact
contact ta khuj e dao,find_contact
contac ta khuje dao,find_contact
contac ta khuje dao,find_contact
contac ta khuj e dao,find_contact
number ta koi ache,find_contact
nambar ta koi ache,find_contact
nambar ta koi ache,find_contact
lambar ta koi ache,find_contact
numbor ta koi ach,find_contact
numbor ta koi ach,find_contact
lombor ta koi ache,find_contact
numbor ta koi ach,find_contact
nambar ta koi ache,find_contact
numbor ta koi ache,find_contact
nambar ta koi ache,find_contact
lambar ta koi ache,find_contact
numbor ta koi ach,find_contact
lambar ta koi ache,find_contact
lambar ta koi ach e,find_contact
numbor ta koi ache,find_contact
lambar ta koi ach e,find_contact
nambar ta koi ach e,find_contact
numbor ta koi ach e,find_contact
lambar ta koi ache,find_contact
lombor ta koi ache,find_contact
phone number ber koro,find_contact
phon e lambar b er kor,find_contact
phone lambar ber koro,find_contact
phon lambar ber koro,find_contact
phone lambar ber koro,find_contact
phon lombor b er koro,find_contact
phon lambar ber koro,find_contact
phon lambar ber koro,find_contact
phon e nambar b er kor,find_contact
phon numbor b er koro,find_contact
phon lombor b er koro,find_contact
phone lombor ber koro,find_contact
phon nambar b er kor,find_contact
phon e nambar b er kor,find_contact
phone lombor ber koro,find_contact
phon lombor b er koro,find_contact
phone lombor ber koro,find_contact
phon e lambar b er kor,find_contact
phon numbor ber koro,find_contact
phon e nambar b er koro,find_contact
phon e lombor b er koro,find_contact
contact list kholo,find_contact
contact list kholo,find_contact
contac list kholo,find_contact
contact lis kholo,find_contact
contact list kholo,find_contact
contact lis kholo,find_contact
contact list kholo,find_contact
contact list kholo,find_contact
contact lis khol,find_contact
contact lis kholo,find_contact
contac lis kholo,find_contact
contac list khol,find_contact
contact list kholo,find_contact
contact lis kholo,find_contact
contact list khol,find_contact
contact list kholo,find_contact
contact list kholo,find_contact
contact list kholo,find_contact
contac list kholo,find_contact
contact list kholo,find_contact
contact lis khol,find_contact
number ta khujte chai,find_contact
lombor ta khujt chai,find_contact
lombor ta khujte chai,find_contact
lombor ta khujt chai,find_contact
lambar ta khujt cha,find_contact
numbor ta khujt e chai,find_contact
nambar ta khujte chai,find_contact
lambar ta khujt e chai,find_contact
lambar ta khujte chai,find_contact
nambar ta khujte chai,find_contact
numbor ta khujte chai,find_contact
lambar ta khujt e chai,find_contact
numbor ta khujte chai,find_contact
lombor ta khujte chai,find_contact
lambar ta khujte chai,find_contact
numbor ta khujte chai,find_contact
nambar ta khujte chai,find_contact
lombor ta khujt chai,find_contact
nambar ta khujt e chai,find_contact
numbor ta khujte chai,find_contact
nambar ta khujte cha,find_contact
notun contact save korbo,save_contact
notun contact save korb,save_contact
notun contact sav korbo,save_contact
notun contact sav korbo,save_contact
notun contact save korbo,save_contact
notun contact sav korbo,save_contact
notun contact sav e korbo,save_contact
notun contact save korb,save_contact
notu contact save korbo,save_contact
notun contact save korbo,save_contact
notun contact save korbo,save_contact
notun contact save korbo,save_contact
notun contac save korb,save_contact
notun contact sav e korbo,save_contact
notun contact sav e korbo,save_contact
notu contac sav korb,save_contact
notu contact save korbo,save_contact
notun contact save korbo,save_contact
notun contac save korbo,save_contact
notun contact save korb,save_contact
notun contact sav korbo,save_contact
number ta save koro,save_contact
numbor ta sav e koro,save_contact
numbor ta save koro,save_contact
lambar ta save koro,save_contact
lambar ta sav e koro,save_contact
numbor ta save koro,save_contact
nambar ta save koro,save_contact
lombor ta save koro,save_contact
lombor ta sav e koro,save_contact
numbor ta save koro,save_contact
lombor ta save koro,save_contact
numbor ta sav e kor,save_contact
numbor ta save koro,save_contact
lombor ta sav koro,save_contact
lambar ta sav koro,save_contact
numbor ta save koro,save_contact
numbor ta sav e koro,save_contact
numbor ta sav koro,save_contact
nambar ta save kor,save_contact
lambar ta sav e koro,save_contact
lombor ta sav koro,save_contact
contact add korte chai,save_contact
contact add korte chai,save_contact
contact add kort e chai,save_contact
contac add korte chai,save_contact
contact add kort e chai,save_contact
contac add korte chai,save_contact
contact add korte chai,save_contact
contact add korte chai,save_contact
contact add korte chai,save_contact
contac add korte chai,save_contact
contact add kort chai,save_contact
contac add kort chai,save_contact
contact add korte chai,save_contact
contact add korte chai,save_contact
contact add korte chai,save_contact
contact add kort chai,save_contact
contact add kort chai,save_contact
contact add korte chai,save_contact
contact add korte chai,save_contact
contact add korte cha,save_contact
contact add korte chai,save_contact
phone number save korte hobe,save_contact
phon lombor sav kort hob e,save_contact
phon e numbor sav kort e hob,save_contact
phone nambar save korte hobe,save_contact
phone nambar save korte hobe,save_contact
phone nambar save korte hobe,save_contact
phon e lombor sav e kort e hob e,save_contact
phon e nambar sav e kort hob e,save_contact
phone lombor save korte hobe,save_contact
phone nambar save korte hobe,save_contact
phone lombor save korte hobe,save_contact
phon e lambar sav e kort e hob e,save_contact
phone lombor save korte hobe,save_contact
phon lombor save korte hobe,save_contact
phone nambar save korte hobe,save_contact
phone numbor save korte hobe,save_contact
phone numbor save kort hobe,save_contact
phon lambar sav korte hobe,save_contact
phon numbor sav e kort e hob,save_contact
phone lambar save korte hobe,save_contact
phon nambar save korte hobe,save_contact
notun number add dao,save_contact
notun lambar add dao,save_contact
notu lombor add dao,save_contact
notun lombor add dao,save_contact
notun nambar add dao,save_contact
notu lombor add dao,save_contact
notun numbor add dao,save_contact
notun lambar add dao,save_contact
notun lambar add dao,save_contact
notun nambar add dao,save_contact
notu lombor add dao,save_contact
notun numbor add dao,save_contact
notun nambar add dao,save_contact
notu nambar add dao,save_contact
notu lombor add dao,save_contact
notun lambar add dao,save_contact
notun lambar add dao,save_contact
notun lambar add dao,save_contact
notun lambar add dao,save_contact
notun nambar add dao,save_contact
notun lombor add dao,save_contact
whatsapp e file pathabo,send_file_whatsapp
whatsapp e file fadamu,send_file_whatsapp
whatsap e file fadamu,send_file_whatsapp
whatsapp e file fatabo,send_file_whatsapp
whatsapp e fil patamu,send_file_whatsapp
whatsapp  e fil patamu,send_file_whatsapp
whatsap e file fadamu,send_file_whatsapp
whatsapp e file fadamu,send_file_whatsapp
whatsapp  e fil e patamu,send_file_whatsapp
whatsapp e file fadamu,send_file_whatsapp
whatsap e fil fadamu,send_file_whatsapp
whatsapp e file fatabo,send_file_whatsapp
whatsapp e file fatabo,send_file_whatsapp
whatsapp e file patamu,send_file_whatsapp
whatsapp e fil patamu,send_file_whatsapp
whatsapp  e fil e patamu,send_file_whatsapp
whatsapp e file patamu,send_file_whatsapp
whatsap e file patamu,send_file_whatsapp
whatsapp e file fatabo,send_file_whatsapp
whatsapp e fil fatabo,send_file_whatsapp
whatsap  e fil e fatabo,send_file_whatsapp
whatsapp e document dao,send_file_whatsapp
whatsapp e documen dao,send_file_whatsapp
whatsapp  e docum en dao,send_file_whatsapp
whatsapp e document dao,send_file_whatsapp
whatsap e document dao,send_file_whatsapp
whatsapp e documen dao,send_file_whatsapp
whatsapp e document dao,send_file_whatsapp
whatsapp e document dao,send_file_whatsapp
whatsapp  e docum en dao,send_file_whatsapp
whatsap  e docum en dao,send_file_whatsapp
whatsap e document dao,send_file_whatsapp
whatsapp  e docum ent dao,send_file_whatsapp
whatsapp  e docum ent dao,send_file_whatsapp
whatsapp e documen dao,send_file_whatsapp
whatsapp e document dao,send_file_whatsapp
whatsapp e document dao,send_file_whatsapp
whatsapp e document dao,send_file_whatsapp
whatsapp e document dao,send_file_whatsapp
whatsap e document dao,send_file_whatsapp
whatsapp e document dao,send_file_whatsapp
whatsapp  e docum ent dao,send_file_whatsapp
file ta whatsapp e dite chai,send_file_whatsapp
fil ta whatsap e dite chai,send_file_whatsapp
file ta whatsapp e dit chai,send_file_whatsapp
file ta whatsap e dite chai,send_file_whatsapp
fil e ta whatsap  e dit e chai,send_file_whatsapp
file ta whatsapp e dite chai,send_file_whatsapp
file ta whatsapp e dite chai,send_file_whatsapp
file ta whatsapp e dite chai,send_file_whatsapp
fil ta whatsapp e dite chai,send_file_whatsapp
fil e ta whatsapp  e dit e cha,send_file_whatsapp
file ta whatsap e dit chai,send_file_whatsapp
fil e ta whatsap  e dit e chai,send_file_whatsapp
file ta whatsapp e dite cha,send_file_whatsapp
fil ta whatsapp e dite chai,send_file_whatsapp
fil e ta whatsapp  e dit e chai,send_file_whatsapp
file ta whatsapp e dit chai,send_file_whatsapp
fil e ta whatsapp  e dit e chai,send_file_whatsapp
file ta whatsap e dite cha,send_file_whatsapp
fil e ta whatsapp  e dit e chai,send_file_whatsapp
file ta whatsapp e dite chai,send_file_whatsapp
fil e ta whatsapp  e dit e chai,send_file_whatsapp
whatsapp e pdf pathate chai,send_file_whatsapp
whatsap e pdf pathate cha,send_file_whatsapp
whatsapp e pdf pathate chai,send_file_whatsapp
whatsapp  e pdf pathat e cha,send_file_whatsapp
whatsapp e pdf pathate chai,send_file_whatsapp
whatsapp e pdf pathate chai,send_file_whatsapp
whatsapp e pdf pathate cha,send_file_whatsapp
whatsap e pdf pathat chai,send_file_whatsapp
whatsapp  e pdf pathat e cha,send_file_whatsapp
whatsapp  e pdf pathat e chai,send_file_whatsapp
whatsapp e pdf pathat chai,send_file_whatsapp
whatsapp e pdf pathate chai,send_file_whatsapp
whatsapp e pdf pathate chai,send_file_whatsapp
whatsap e pdf pathate cha,send_file_whatsapp
whatsapp e pdf pathat cha,send_file_whatsapp
whatsapp e pdf pathate cha,send_file_whatsapp
whatsap e pdf pathate cha,send_file_whatsapp
whatsapp  e pdf pathat e chai,send_file_whatsapp
whatsapp e pdf pathate chai,send_file_whatsapp
whatsapp e pdf pathate chai,send_file_whatsapp
whatsapp e pdf pathat chai,send_file_whatsapp
file pathanor niyom ki whatsapp e,send_file_whatsapp
fil e pathanor niyo ki whatsapp  e,send_file_whatsapp
file pathanor niyo ki whatsapp e,send_file_whatsapp
file pathanor niyom ki whatsapp e,send_file_whatsapp
file pathanor niyom ki whatsap e,send_file_whatsapp
file pathanor niyo ki whatsapp e,send_file_whatsapp
file pathanor niyo ki whatsapp e,send_file_whatsapp
fil e pathanor niyo ki whatsapp  e,send_file_whatsapp
file pathanor niyom ki whatsapp e,send_file_whatsapp
file pathanor niyom ki whatsapp e,send_file_whatsapp
file pathanor niyom ki whatsapp e,send_file_whatsapp
file pathanor niyom ki whatsapp e,send_file_whatsapp
fil pathano niyom ki whatsapp  e,send_file_whatsapp
file pathanor niyom ki whatsapp e,send_file_whatsapp
file pathanor niyom ki whatsapp e,send_file_whatsapp
fil e pathano niyom ki whatsapp  e,send_file_whatsapp
fil pathanor niyom ki whatsapp  e,send_file_whatsapp
file pathanor niyom ki whatsap e,send_file_whatsapp
fil pathanor niyom ki whatsapp  e,send_file_whatsapp
fil e pathanor niyo ki whatsapp  e,send_file_whatsapp
file pathano niyo ki whatsapp e,send_file_whatsapp
messenger e call dibo,call_messenger
messenger e call dib,call_messenger
messenger e call dibo,call_messenger
messenge e call dibo,call_messenger
messenge e call dibo,call_messenger
messenger e call dibo,call_messenger
messenger e call dibo,call_messenger
messenger e call dibo,call_messenger
messenger e call dibo,call_messenger
m ess eng er  e call dibo,call_messenger
messenger e call dibo,call_messenger
m ess eng e  e call dibo,call_messenger
m ess eng er  e call dibo,call_messenger
m ess eng er  e call dibo,call_messenger
m ess eng er  e call dibo,call_messenger
messenger e cal dibo,call_messenger
messenge e call dibo,call_messenger
messenger e call dib,call_messenger
messenger e call dibo,call_messenger
messenger e call dibo,call_messenger
m ess eng e  e call dibo,call_messenger
messenger e phone korbo,call_messenger
messenger e phon korb,call_messenger
m ess eng e  e phon e korb,call_messenger
messenger e phone korb,call_messenger
messenge e phone korbo,call_messenger
messenge e phone korbo,call_messenger
messenger e phone korbo,call_messenger
messenge e phone korbo,call_messenger
messenger e phone korbo,call_messenger
messenger e phon korb,call_messenger
messenger e phone korbo,call_messenger
messenger e phon korbo,call_messenger
m ess eng er  e phon korbo,call_messenger
m ess eng er  e phon e korbo,call_messenger
m ess eng er  e phon e korbo,call_messenger
m ess eng e  e phon e korbo,call_messenger
messenge e phone korbo,call_messenger
messenger e phone korbo,call_messenger
messenger e phone korbo,call_messenger
messenger e phone korbo,call_messenger
messenge e phone korbo,call_messenger
messenger e video call chai,call_messenger
messenger e video cal chai,call_messenger
m ess eng e  e vid e call cha,call_messenger
m ess eng er  e vid eo call chai,call_messenger
messenge e vide cal chai,call_messenger
messenger e video cal cha,call_messenger
messenge e video cal chai,call_messenger
messenger e vide call chai,call_messenger
m ess eng er  e vid eo call chai,call_messenger
messenger e video call cha,call_messenger
messenger e video cal chai,call_messenger
messenger e video call chai,call_messenger
m ess eng e  e vid eo cal chai,call_messenger
messenger e vide cal cha,call_messenger
messenger e video call chai,call_messenger
messenger e video call chai,call_messenger
messenger e video call chai,call_messenger
messenger e vide call chai,call_messenger
messenger e video call chai,call_messenger
m ess eng er  e vid eo call cha,call_messenger
messenger e video call chai,call_messenger
fb messenger e call dao,call_messenger
fb m ess eng er  e cal dao,call_messenger
fb messenger e call dao,call_messenger
fb m ess eng er  e call dao,call_messenger
fb messenger e call dao,call_messenger
fb messenge e call dao,call_messenger
fb messenger e call dao,call_messenger
fb messenger e call dao,call_messenger
fb m ess eng er  e cal dao,call_messenger
fb messenger e call dao,call_messenger
fb m ess eng e  e call dao,call_messenger
fb m ess eng er  e cal dao,call_messenger
fb m ess eng er  e cal dao,call_messenger
fb messenge e call dao,call_messenger
fb messenger e call dao,call_messenger
fb messenger e cal dao,call_messenger
fb messenger e call dao,call_messenger
fb messenger e cal dao,call_messenger
fb messenge e call dao,call_messenger
fb messenger e call dao,call_messenger
fb messenger e call dao,call_messenger
messenger e call kivabe dibo,call_messenger
m ess eng e  e call kiram dibo,call_messenger
messenger e call kiram dibo,call_messenger
messenger e cal kiram dibo,call_messenger
messenger e call kiram dib,call_messenger
m ess eng er  e call kiram dibo,call_messenger
m ess eng e  e call kiram dibo,call_messenger
messenge e call kemne dibo,call_messenger
messenger e call kemne dibo,call_messenger
messenger e call kemne dibo,call_messenger
m ess eng er  e cal kh emn e dibo,call_messenger
messenger e call kemne dibo,call_messenger
messenge e call khemne dibo,call_messenger
messenger e call kiram dib,call_messenger
messenger e call khemne dibo,call_messenger
messenger e call kemne dibo,call_messenger
m ess eng e  e call k emn e dibo,call_messenger
messenger e call kemne dibo,call_messenger
m ess eng e  e cal kh emn e dibo,call_messenger
messenger e call kemne dib,call_messenger
m ess eng er  e call kh emn e dibo,call_messenger
wifi on koro,turn_on_wifi
wifi on koro,turn_on_wifi
wif on kor,turn_on_wifi
wifi on koro,turn_on_wifi
wif on koro,turn_on_wifi
wifi on kor,turn_on_wifi
wifi on koro,turn_on_wifi
wifi on kor,turn_on_wifi
wifi on koro,turn_on_wifi
wifi on koro,turn_on_wifi
wifi on koro,turn_on_wifi
wif on koro,turn_on_wifi
wifi on kor,turn_on_wifi
wifi on koro,turn_on_wifi
wifi on koro,turn_on_wifi
wifi on koro,turn_on_wifi
wifi on kor,turn_on_wifi
wif on kor,turn_on_wifi
wifi on koro,turn_on_wifi
wifi on koro,turn_on_wifi
wifi on koro,turn_on_wifi
wifi ta chalu koro,turn_on_wifi
wifi ta chalu koro,turn_on_wifi
wif ta chalu koro,turn_on_wifi
wifi ta chal koro,turn_on_wifi
wif ta chal koro,turn_on_wifi
wifi ta chal koro,turn_on_wifi
wif ta chalu koro,turn_on_wifi
wifi ta chalu koro,turn_on_wifi
wif ta chalu koro,turn_on_wifi
wifi ta chalu koro,turn_on_wifi
wifi ta chalu koro,turn_on_wifi
wifi ta chalu kor,turn_on_wifi
wifi ta chalu koro,turn_on_wifi
wifi ta chalu koro,turn_on_wifi
wifi ta chalu koro,turn_on_wifi
wifi ta chalu koro,turn_on_wifi
wifi ta chalu koro,turn_on_wifi
wifi ta chalu koro,turn_on_wifi
wifi ta chalu koro,turn_on_wifi
wifi ta chal koro,turn_on_wifi
wifi ta chalu koro,turn_on_wifi
wifi lagbe,turn_on_wifi
wif lagbe,turn_on_wifi
wifi lagbe,turn_on_wifi
wifi lagb,turn_on_wifi
wifi lagbe,turn_on_wifi
wifi lagbe,turn_on_wifi
wifi lagbe,turn_on_wifi
wif lagb e,turn_on_wifi
wifi lagb,turn_on_wifi
wifi lagbe,turn_on_wifi
wifi lagb,turn_on_wifi
wifi lagbe,turn_on_wifi
wifi lagb,turn_on_wifi
wifi lagbe,turn_on_wifi
wif lagbe,turn_on_wifi
wif lagb,turn_on_wifi
wifi lagb e,turn_on_wifi
wifi lagbe,turn_on_wifi
wifi lagb,turn_on_wifi
wifi lagbe,turn_on_wifi
wifi lagbe,turn_on_wifi
wifi kivabe on korbo,turn_on_wifi
wifi kemne on korbo,turn_on_wifi
wif kemne on korbo,turn_on_wifi
wif kemne on korbo,turn_on_wifi
wifi kiram on korb,turn_on_wifi
wifi khemne on korbo,turn_on_wifi
wif khemne on korbo,turn_on_wifi
wifi kemne on korb,turn_on_wifi
wifi kemne on korbo,turn_on_wifi
wifi kemne on korbo,turn_on_wifi
wifi kiram on korbo,turn_on_wifi
wif kiram on korb,turn_on_wifi
wif kemne on korbo,turn_on_wifi
wifi kiram on korbo,turn_on_wifi
wif kemne on korb,turn_on_wifi
wifi kh emn e on korbo,turn_on_wifi
wifi khemne on korbo,turn_on_wifi
wif kemne on korb,turn_on_wifi
wif kiram on korb,turn_on_wifi
wifi kiram on korbo,turn_on_wifi
wifi kiram on korbo,turn_on_wifi
wifi connection dao,turn_on_wifi
wifi connection dao,turn_on_wifi
wif conn ectio dao,turn_on_wifi
wif connection dao,turn_on_wifi
wifi connection dao,turn_on_wifi
wifi connectio dao,turn_on_wifi
wifi conn ection dao,turn_on_wifi
wifi connection dao,turn_on_wifi
wifi connection dao,turn_on_wifi
wif conn ection dao,turn_on_wifi
wifi connection dao,turn_on_wifi
wifi connection dao,turn_on_wifi
wifi conn ection dao,turn_on_wifi
wifi connection dao,turn_on_wifi
wifi conn ection dao,turn_on_wifi
wifi connection dao,turn_on_wifi
wifi connectio dao,turn_on_wifi
wifi connection dao,turn_on_wifi
wifi connection dao,turn_on_wifi
wifi connection dao,turn_on_wifi
wifi connection dao,turn_on_wifi
app download korte chai,download_app
app download korte chai,download_app
app download kort chai,download_app
app download korte chai,download_app
app download korte chai,download_app
app downloa korte chai,download_app
app download korte chai,download_app
app download korte chai,download_app
app download korte chai,download_app
app download korte chai,download_app
app download kort e chai,download_app
app downloa korte chai,download_app
app download korte chai,download_app
app download korte cha,download_app
app download korte chai,download_app
app download korte cha,download_app
app download korte chai,download_app
app download kort e chai,download_app
app download korte chai,download_app
app downloa korte cha,download_app
app download korte chai,download_app
notun app lagbe,download_app
notun app lagb e,download_app
notu app lagbe,download_app
notu app lagbe,download_app
notun app lagbe,download_app
notu app lagbe,download_app
notun app lagbe,download_app
notun app lagbe,download_app
notun app lagb e,download_app
notu app lagb,download_app
notun app lagbe,download_app
notun app lagbe,download_app
notun app lagbe,download_app
notun app lagb,download_app
notu app lagbe,download_app
notun app lagbe,download_app
notun app lagbe,download_app
notun app lagbe,download_app
notun app lagbe,download_app
notun app lagbe,download_app
notu app lagbe,download_app
app install koro,download_app
app install kor,download_app
app instal koro,download_app
app install koro,download_app
app install koro,download_app
app instal kor,download_app
app install koro,download_app
app install kor,download_app
app install koro,download_app
app install koro,download_app
app install kor,download_app
app instal koro,download_app
app install koro,download_app
app install koro,download_app
app install koro,download_app
app install koro,download_app
app install koro,download_app
app install koro,download_app
app install kor,download_app
app install koro,download_app
app instal koro,download_app
playstore theke app dao,download_app
playstor theke app dao,download_app
playstor e th ek e app dao,download_app
playstor e th ek e app dao,download_app
playstore theke app dao,download_app
playstore theke app dao,download_app
playstore theke app dao,download_app
playstor th ek app dao,download_app
playstor e th ek e app dao,download_app
playstore theke app dao,download_app
playstor e th ek e app dao,download_app
playstor e th ek e app dao,download_app
playstore thek app dao,download_app
playstore theke app dao,download_app
playstor theke app dao,download_app
playstor e th ek e app dao,download_app
playstor theke app dao,download_app
playstor e th ek app dao,download_app
playstore theke app dao,download_app
playstor e th ek app dao,download_app
playstor e th ek app dao,download_app
software install korte chai,download_app
softwar e instal kort e cha,download_app
software install korte cha,download_app
software install korte chai,download_app
softwar e install kort e chai,download_app
software install korte chai,download_app
softwar e install kort e chai,download_app
softwar install korte chai,download_app
software instal kort chai,download_app
software install korte chai,download_app
software install korte chai,download_app
software install korte chai,download_app
softwar e install kort e cha,download_app
software install kort chai,download_app
software install korte chai,download_app
software install korte cha,download_app
software install korte chai,download_app
software instal korte chai,download_app
softwar e install kort e chai,download_app
softwar e instal kort e chai,download_app
software instal korte chai,download_app
